{
    "2090443": {
        "case_points": 100.0,
        "case_total": 100.0,
        "date": "2020-05-14T20:29:29+00:00",
        "language": "JAVA8",
        "memory": 38856.0,
        "problem": "helloworld",
        "result": "AC",
        "status": "D",
        "time": 0.058403625
    },
    "2099698": {
        "case_points": 0.0,
        "case_total": 512.0,
        "date": "2020-05-20T08:30:36+00:00",
        "language": "CPP11",
        "memory": 1780.0,
        "problem": "tle18p1",
        "result": "WA",
        "status": "D",
        "time": 0.029320762
    },
    "2099700": {
        "case_points": 0.0,
        "case_total": 512.0,
        "date": "2020-05-20T08:30:54+00:00",
        "language": "CPP11",
        "memory": 1780.0,
        "problem": "tle18p1",
        "result": "WA",
        "status": "D",
        "time": 0.033616146
    },
    "2099701": {
        "case_points": 0.0,
        "case_total": 512.0,
        "date": "2020-05-20T08:31:10+00:00",
        "language": "CPP11",
        "memory": 1764.0,
        "problem": "tle18p1",
        "result": "WA",
        "status": "D",
        "time": 0.034486943
    },
    "2099702": {
        "case_points": 0.0,
        "case_total": 512.0,
        "date": "2020-05-20T08:31:34+00:00",
        "language": "CPP11",
        "memory": 1764.0,
        "problem": "tle18p1",
        "result": "WA",
        "status": "D",
        "time": 0.038809436
    },
    "2099703": {
        "case_points": 0.0,
        "case_total": 512.0,
        "date": "2020-05-20T08:31:55+00:00",
        "language": "CPP11",
        "memory": 1764.0,
        "problem": "tle18p1",
        "result": "WA",
        "status": "D",
        "time": 0.033373183
    },
    "2099704": {
        "case_points": 0.0,
        "case_total": 512.0,
        "date": "2020-05-20T08:32:13+00:00",
        "language": "CPP11",
        "memory": 1764.0,
        "problem": "tle18p1",
        "result": "WA",
        "status": "D",
        "time": 0.034340957
    },
    "2099706": {
        "case_points": 0.0,
        "case_total": 512.0,
        "date": "2020-05-20T08:33:10+00:00",
        "language": "CPP11",
        "memory": 1764.0,
        "problem": "tle18p1",
        "result": "WA",
        "status": "D",
        "time": 0.034446988
    },
    "2099708": {
        "case_points": 0.0,
        "case_total": 100.0,
        "date": "2020-05-20T08:50:24+00:00",
        "language": "CPP11",
        "memory": 712.0,
        "problem": "helloworldhard",
        "result": "WA",
        "status": "D",
        "time": 0.002185138
    },
    "2099709": {
        "case_points": 100.0,
        "case_total": 100.0,
        "date": "2020-05-20T08:50:37+00:00",
        "language": "CPP11",
        "memory": 712.0,
        "problem": "helloworldhard",
        "result": "AC",
        "status": "D",
        "time": 0.002399043
    },
    "2102317": {
        "case_points": 0.0,
        "case_total": 100.0,
        "date": "2020-05-22T04:28:40+00:00",
        "language": "TEXT",
        "memory": 1728.0,
        "problem": "helloworldhard",
        "result": "WA",
        "status": "D",
        "time": 0.002909592
    },
    "2102336": {
        "case_points": 0.0,
        "case_total": 100.0,
        "date": "2020-05-22T04:48:58+00:00",
        "language": "CPP03",
        "memory": 1724.0,
        "problem": "helloworld",
        "result": "TLE",
        "status": "D",
        "time": 2.020370944
    },
    "2102340": {
        "case_points": 100.0,
        "case_total": 100.0,
        "date": "2020-05-22T04:50:26+00:00",
        "language": "CPP03",
        "memory": 1724.0,
        "problem": "helloworld",
        "result": "AC",
        "status": "D",
        "time": 0.010506221
    },
    "2102342": {
        "case_points": 100.0,
        "case_total": 100.0,
        "date": "2020-05-22T04:50:33+00:00",
        "language": "CPP17",
        "memory": 1724.0,
        "problem": "helloworld",
        "result": "AC",
        "status": "D",
        "time": 0.0101446
    },
    "2102351": {
        "case_points": 0.0,
        "case_total": 0.0,
        "date": "2020-05-22T04:59:59+00:00",
        "language": "CPP03",
        "memory": null,
        "problem": "helloworld",
        "result": "CE",
        "status": "CE",
        "time": null
    },
    "2102355": {
        "case_points": 0.0,
        "case_total": 0.0,
        "date": "2020-05-22T05:02:42+00:00",
        "language": "CPP11",
        "memory": null,
        "problem": "helloworld",
        "result": "CE",
        "status": "CE",
        "time": null
    },
    "2102356": {
        "case_points": 100.0,
        "case_total": 100.0,
        "date": "2020-05-22T05:03:21+00:00",
        "language": "CPP11",
        "memory": 1724.0,
        "problem": "helloworld",
        "result": "AC",
        "status": "D",
        "time": 0.01918419
    },
    "2102357": {
        "case_points": 0.0,
        "case_total": 0.0,
        "date": "2020-05-22T05:03:58+00:00",
        "language": "CPP11",
        "memory": null,
        "problem": "helloworld",
        "result": "CE",
        "status": "CE",
        "time": null
    },
    "2102359": {
        "case_points": 100.0,
        "case_total": 100.0,
        "date": "2020-05-22T05:04:48+00:00",
        "language": "CPP11",
        "memory": 1724.0,
        "problem": "helloworld",
        "result": "AC",
        "status": "D",
        "time": 0.047367556
    },
    "2102360": {
        "case_points": 100.0,
        "case_total": 100.0,
        "date": "2020-05-22T05:05:02+00:00",
        "language": "CPP11",
        "memory": 1772.0,
        "problem": "helloworld",
        "result": "AC",
        "status": "D",
        "time": 0.155619371
    },
    "2102361": {
        "case_points": 0.0,
        "case_total": 0.0,
        "date": "2020-05-22T05:05:25+00:00",
        "language": "CPP03",
        "memory": null,
        "problem": "helloworld",
        "result": "CE",
        "status": "CE",
        "time": null
    },
    "2102366": {
        "case_points": 0.0,
        "case_total": 0.0,
        "date": "2020-05-22T05:06:34+00:00",
        "language": "CPP11",
        "memory": null,
        "problem": "helloworld",
        "result": "CE",
        "status": "CE",
        "time": null
    },
    "2102368": {
        "case_points": 0.0,
        "case_total": 0.0,
        "date": "2020-05-22T05:06:52+00:00",
        "language": "CLANGX",
        "memory": null,
        "problem": "helloworld",
        "result": "CE",
        "status": "CE",
        "time": null
    },
    "2102373": {
        "case_points": 0.0,
        "case_total": 0.0,
        "date": "2020-05-22T05:08:43+00:00",
        "language": "C",
        "memory": null,
        "problem": "helloworld",
        "result": "CE",
        "status": "CE",
        "time": null
    },
    "2102374": {
        "case_points": 0.0,
        "case_total": 0.0,
        "date": "2020-05-22T05:08:54+00:00",
        "language": "C",
        "memory": null,
        "problem": "helloworld",
        "result": "CE",
        "status": "CE",
        "time": null
    },
    "2102375": {
        "case_points": 0.0,
        "case_total": 0.0,
        "date": "2020-05-22T05:09:26+00:00",
        "language": "C11",
        "memory": null,
        "problem": "helloworld",
        "result": "CE",
        "status": "CE",
        "time": null
    },
    "2102376": {
        "case_points": 0.0,
        "case_total": 0.0,
        "date": "2020-05-22T05:09:47+00:00",
        "language": "CLANG",
        "memory": null,
        "problem": "helloworld",
        "result": "CE",
        "status": "CE",
        "time": null
    },
    "2102382": {
        "case_points": 0.0,
        "case_total": 100.0,
        "date": "2020-05-22T05:16:24+00:00",
        "language": "GROOVY",
        "memory": 117748.0,
        "problem": "helloworld",
        "result": "TLE",
        "status": "D",
        "time": 1.23159163
    },
    "2102383": {
        "case_points": 0.0,
        "case_total": 100.0,
        "date": "2020-05-22T05:16:55+00:00",
        "language": "GROOVY",
        "memory": 94336.0,
        "problem": "helloworld",
        "result": "TLE",
        "status": "D",
        "time": 1.013585664
    },
    "2102389": {
        "case_points": 0.0,
        "case_total": 0.0,
        "date": "2020-05-22T05:26:32+00:00",
        "language": "MONOCS",
        "memory": null,
        "problem": "helloworld",
        "result": "CE",
        "status": "CE",
        "time": null
    },
    "2102392": {
        "case_points": 0.0,
        "case_total": 0.0,
        "date": "2020-05-22T06:03:56+00:00",
        "language": "C",
        "memory": null,
        "problem": "helloworldhard",
        "result": "CE",
        "status": "CE",
        "time": null
    },
    "2103574": {
        "case_points": 0.0,
        "case_total": 0.0,
        "date": "2020-05-23T01:58:24+00:00",
        "language": "ZIG",
        "memory": null,
        "problem": "helloworld",
        "result": "CE",
        "status": "CE",
        "time": null
    },
    "2103575": {
        "case_points": 0.0,
        "case_total": 0.0,
        "date": "2020-05-23T01:59:20+00:00",
        "language": "ZIG",
        "memory": null,
        "problem": "helloworld",
        "result": "CE",
        "status": "CE",
        "time": null
    },
    "2103579": {
        "case_points": 0.0,
        "case_total": 100.0,
        "date": "2020-05-23T02:01:33+00:00",
        "language": "TEXT",
        "memory": 1568.0,
        "problem": "helloworld",
        "result": "WA",
        "status": "D",
        "time": 0.003371426
    },
    "2103597": {
        "case_points": 0.0,
        "case_total": 0.0,
        "date": "2020-05-23T02:16:09+00:00",
        "language": "CPP17",
        "memory": null,
        "problem": "ioi17p5",
        "result": "CE",
        "status": "CE",
        "time": null
    },
    "2125231": {
        "case_points": 0.0,
        "case_total": 100.0,
        "date": "2020-06-01T06:31:58+00:00",
        "language": "CPP11",
        "memory": 1084.0,
        "problem": "helloworld",
        "result": "RTE",
        "status": "D",
        "time": 0.001868449
    },
    "2129376": {
        "case_points": 0.0,
        "case_total": 100.0,
        "date": "2020-06-04T05:34:06+00:00",
        "language": "CPP11",
        "memory": 1724.0,
        "problem": "helloworld",
        "result": "WA",
        "status": "D",
        "time": 0.003970363
    },
    "2138411": {
        "case_points": 100.0,
        "case_total": 100.0,
        "date": "2020-06-11T04:03:23+00:00",
        "language": "CPP11",
        "memory": 712.0,
        "problem": "helloworldhard",
        "result": "AC",
        "status": "D",
        "time": 0.001594562
    },
    "2138413": {
        "case_points": 0.0,
        "case_total": 100.0,
        "date": "2020-06-11T04:03:55+00:00",
        "language": "CPP11",
        "memory": 768.0,
        "problem": "helloworldhard",
        "result": "WA",
        "status": "D",
        "time": 0.001795794
    },
    "2138417": {
        "case_points": 1.0,
        "case_total": 1.0,
        "date": "2020-06-11T04:16:28+00:00",
        "language": "CPP03",
        "memory": 1728.0,
        "problem": "acc4p0",
        "result": "AC",
        "status": "D",
        "time": 0.002747476
    },
    "2138418": {
        "case_points": 0.0,
        "case_total": 100.0,
        "date": "2020-06-11T04:17:12+00:00",
        "language": "C",
        "memory": 836.0,
        "problem": "fastbit",
        "result": "WA",
        "status": "D",
        "time": 0.005673937
    },
    "2138419": {
        "case_points": 100.0,
        "case_total": 100.0,
        "date": "2020-06-11T04:17:34+00:00",
        "language": "TEXT",
        "memory": 1664.0,
        "problem": "piggy",
        "result": "AC",
        "status": "D",
        "time": 0.002672374
    },
    "2138421": {
        "case_points": 100.0,
        "case_total": 100.0,
        "date": "2020-06-11T04:17:55+00:00",
        "language": "PY3",
        "memory": 9084.0,
        "problem": "piggy",
        "result": "AC",
        "status": "D",
        "time": 0.018761642
    },
    "2138496": {
        "case_points": 1000000.0,
        "case_total": 1000000.0,
        "date": "2020-06-11T07:13:00+00:00",
        "language": "CPP03",
        "memory": 1716.0,
        "problem": "acc4p1",
        "result": "AC",
        "status": "D",
        "time": 0.169781697
    },
    "2138497": {
        "case_points": 416664.0,
        "case_total": 1000000.0,
        "date": "2020-06-11T07:17:39+00:00",
        "language": "CPP03",
        "memory": 1652.0,
        "problem": "acc4p11",
        "result": "AC",
        "status": "D",
        "time": 0.091888295
    },
    "2138498": {
        "case_points": 743583.0,
        "case_total": 1000000.0,
        "date": "2020-06-11T07:19:35+00:00",
        "language": "CPP03",
        "memory": 1836.0,
        "problem": "acc4p10",
        "result": "AC",
        "status": "D",
        "time": 0.094713615
    },
    "2138499": {
        "case_points": 1000000.0,
        "case_total": 1000000.0,
        "date": "2020-06-11T07:23:28+00:00",
        "language": "CPP03",
        "memory": 1704.0,
        "problem": "acc4p10",
        "result": "AC",
        "status": "D",
        "time": 1.022632753
    },
    "2138500": {
        "case_points": 1000000.0,
        "case_total": 1000000.0,
        "date": "2020-06-11T07:32:12+00:00",
        "language": "CPP03",
        "memory": 1772.0,
        "problem": "acc4p3",
        "result": "AC",
        "status": "D",
        "time": 0.091452925
    },
    "2138501": {
        "case_points": 1000000.0,
        "case_total": 1000000.0,
        "date": "2020-06-11T07:36:26+00:00",
        "language": "CPP03",
        "memory": 7824.0,
        "problem": "acc4p9",
        "result": "AC",
        "status": "D",
        "time": 0.089038586
    },
    "2138502": {
        "case_points": 800719.0,
        "case_total": 1000000.0,
        "date": "2020-06-11T07:51:34+00:00",
        "language": "CPP03",
        "memory": 1708.0,
        "problem": "acc4p6",
        "result": "AC",
        "status": "D",
        "time": 0.441370198
    },
    "2138503": {
        "case_points": 1000000.0,
        "case_total": 1000000.0,
        "date": "2020-06-11T07:52:32+00:00",
        "language": "CPP03",
        "memory": 1772.0,
        "problem": "acc4p5",
        "result": "AC",
        "status": "D",
        "time": 0.441470126
    },
    "2138505": {
        "case_points": 145.0,
        "case_total": 151.0,
        "date": "2020-06-11T08:00:48+00:00",
        "language": "CPP03",
        "memory": 1768.0,
        "problem": "acc4p7",
        "result": "AC",
        "status": "D",
        "time": 0.003522913
    },
    "2138506": {
        "case_points": 148.0,
        "case_total": 151.0,
        "date": "2020-06-11T08:03:00+00:00",
        "language": "CPP03",
        "memory": 1720.0,
        "problem": "acc4p7",
        "result": "AC",
        "status": "D",
        "time": 0.003219954
    },
    "2138508": {
        "case_points": 149.0,
        "case_total": 151.0,
        "date": "2020-06-11T08:07:09+00:00",
        "language": "CPP03",
        "memory": 1712.0,
        "problem": "acc4p7",
        "result": "AC",
        "status": "D",
        "time": 0.002210123
    },
    "2138513": {
        "case_points": 0.0,
        "case_total": 1000000.0,
        "date": "2020-06-11T08:14:00+00:00",
        "language": "CPP03",
        "memory": 1844.0,
        "problem": "acc4p6",
        "result": "TLE",
        "status": "D",
        "time": 2.999356682
    },
    "2138514": {
        "case_points": 1000000.0,
        "case_total": 1000000.0,
        "date": "2020-06-11T08:14:26+00:00",
        "language": "CPP03",
        "memory": 1768.0,
        "problem": "acc4p6",
        "result": "AC",
        "status": "D",
        "time": 0.577985366
    },
    "2138523": {
        "case_points": 0.0,
        "case_total": 100.0,
        "date": "2020-06-11T08:24:41+00:00",
        "language": "PERL",
        "memory": 5936.0,
        "problem": "osf",
        "result": "WA",
        "status": "D",
        "time": 0.011951407
    },
    "2138525": {
        "case_points": 0.0,
        "case_total": 100.0,
        "date": "2020-06-11T08:26:33+00:00",
        "language": "PY3",
        "memory": 9176.0,
        "problem": "toosimple",
        "result": "WA",
        "status": "D",
        "time": 0.017506158
    },
    "2138526": {
        "case_points": 0.0,
        "case_total": 100.0,
        "date": "2020-06-11T08:26:46+00:00",
        "language": "PY3",
        "memory": 9200.0,
        "problem": "toosimple",
        "result": "WA",
        "status": "D",
        "time": 0.020261694
    },
    "2138527": {
        "case_points": 0.0,
        "case_total": 100.0,
        "date": "2020-06-11T08:27:20+00:00",
        "language": "PY3",
        "memory": 9140.0,
        "problem": "toosimple",
        "result": "WA",
        "status": "D",
        "time": 0.01935931
    },
    "2138528": {
        "case_points": 0.0,
        "case_total": 55.0,
        "date": "2020-06-11T08:30:56+00:00",
        "language": "CPP11",
        "memory": 1836.0,
        "problem": "miraclesort",
        "result": "WA",
        "status": "D",
        "time": 4.795848366
    },
    "2138530": {
        "case_points": 55.0,
        "case_total": 55.0,
        "date": "2020-06-11T08:31:21+00:00",
        "language": "CPP11",
        "memory": 1840.0,
        "problem": "miraclesort",
        "result": "AC",
        "status": "D",
        "time": 11.58375981
    },
    "2138538": {
        "case_points": 0.0,
        "case_total": 100.0,
        "date": "2020-06-11T08:47:30+00:00",
        "language": "PERL",
        "memory": 5796.0,
        "problem": "osf",
        "result": "WA",
        "status": "D",
        "time": 0.006103753
    },
    "2138540": {
        "case_points": 1521.0,
        "case_total": 1521.0,
        "date": "2020-06-11T08:59:30+00:00",
        "language": "CPP11",
        "memory": 1716.0,
        "problem": "thereturnofaplusb",
        "result": "AC",
        "status": "D",
        "time": 0.01135968
    },
    "2139715": {
        "case_points": 0.0,
        "case_total": 100.0,
        "date": "2020-06-12T05:40:42+00:00",
        "language": "PHP",
        "memory": 14420.0,
        "problem": "bf1troll",
        "result": "WA",
        "status": "D",
        "time": 0.016704905
    },
    "2139719": {
        "case_points": 10.0,
        "case_total": 100.0,
        "date": "2020-06-12T05:42:06+00:00",
        "language": "PHP",
        "memory": 14656.0,
        "problem": "bf1troll",
        "result": "WA",
        "status": "D",
        "time": 0.013334616
    },
    "2139720": {
        "case_points": 10.0,
        "case_total": 100.0,
        "date": "2020-06-12T05:43:30+00:00",
        "language": "PHP",
        "memory": 14980.0,
        "problem": "bf1troll",
        "result": "WA",
        "status": "D",
        "time": 0.014613783
    },
    "2139723": {
        "case_points": 10.0,
        "case_total": 100.0,
        "date": "2020-06-12T05:45:10+00:00",
        "language": "PHP",
        "memory": 14476.0,
        "problem": "bf1troll",
        "result": "WA",
        "status": "D",
        "time": 0.013733506
    },
    "2139724": {
        "case_points": 10.0,
        "case_total": 100.0,
        "date": "2020-06-12T05:46:10+00:00",
        "language": "PHP",
        "memory": 14640.0,
        "problem": "bf1troll",
        "result": "WA",
        "status": "D",
        "time": 0.013818282
    },
    "2139725": {
        "case_points": 10.0,
        "case_total": 100.0,
        "date": "2020-06-12T05:46:47+00:00",
        "language": "PHP",
        "memory": 14636.0,
        "problem": "bf1troll",
        "result": "WA",
        "status": "D",
        "time": 0.015019983
    },
    "2139727": {
        "case_points": 10.0,
        "case_total": 100.0,
        "date": "2020-06-12T05:48:18+00:00",
        "language": "PHP",
        "memory": 14732.0,
        "problem": "bf1troll",
        "result": "WA",
        "status": "D",
        "time": 0.013193349
    },
    "2139730": {
        "case_points": 10.0,
        "case_total": 100.0,
        "date": "2020-06-12T05:49:27+00:00",
        "language": "PHP",
        "memory": 14692.0,
        "problem": "bf1troll",
        "result": "WA",
        "status": "D",
        "time": 0.013420971
    },
    "2139732": {
        "case_points": 10.0,
        "case_total": 100.0,
        "date": "2020-06-12T05:53:04+00:00",
        "language": "PHP",
        "memory": 14716.0,
        "problem": "bf1troll",
        "result": "WA",
        "status": "D",
        "time": 0.015480138
    },
    "2139733": {
        "case_points": 10.0,
        "case_total": 100.0,
        "date": "2020-06-12T05:53:29+00:00",
        "language": "PHP",
        "memory": 14644.0,
        "problem": "bf1troll",
        "result": "WA",
        "status": "D",
        "time": 0.015804177
    },
    "2139734": {
        "case_points": 10.0,
        "case_total": 100.0,
        "date": "2020-06-12T05:53:42+00:00",
        "language": "PHP",
        "memory": 14656.0,
        "problem": "bf1troll",
        "result": "WA",
        "status": "D",
        "time": 0.014952972
    },
    "2139735": {
        "case_points": 10.0,
        "case_total": 100.0,
        "date": "2020-06-12T05:53:48+00:00",
        "language": "PHP",
        "memory": 14536.0,
        "problem": "bf1troll",
        "result": "WA",
        "status": "D",
        "time": 0.014391459
    },
    "2139736": {
        "case_points": 10.0,
        "case_total": 100.0,
        "date": "2020-06-12T05:54:08+00:00",
        "language": "PHP",
        "memory": 14664.0,
        "problem": "bf1troll",
        "result": "WA",
        "status": "D",
        "time": 0.015144015
    },
    "2139737": {
        "case_points": 0.0,
        "case_total": 100.0,
        "date": "2020-06-12T06:01:27+00:00",
        "language": "PHP",
        "memory": 14696.0,
        "problem": "bf1",
        "result": "WA",
        "status": "D",
        "time": 0.014075296
    },
    "2139738": {
        "case_points": 0.0,
        "case_total": 100.0,
        "date": "2020-06-12T06:01:49+00:00",
        "language": "PHP",
        "memory": 14724.0,
        "problem": "bf1",
        "result": "WA",
        "status": "D",
        "time": 0.014258319
    },
    "2139740": {
        "case_points": 50.0,
        "case_total": 100.0,
        "date": "2020-06-12T06:05:46+00:00",
        "language": "PHP",
        "memory": 15060.0,
        "problem": "bf1",
        "result": "WA",
        "status": "D",
        "time": 0.013786644
    },
    "2139741": {
        "case_points": 100.0,
        "case_total": 100.0,
        "date": "2020-06-12T06:06:20+00:00",
        "language": "PHP",
        "memory": 15052.0,
        "problem": "bf1",
        "result": "AC",
        "status": "D",
        "time": 0.013801292
    },
    "2139742": {
        "case_points": 10.0,
        "case_total": 100.0,
        "date": "2020-06-12T06:06:41+00:00",
        "language": "PHP",
        "memory": 14764.0,
        "problem": "bf1troll",
        "result": "WA",
        "status": "D",
        "time": 0.01455728
    },
    "2139743": {
        "case_points": 10.0,
        "case_total": 100.0,
        "date": "2020-06-12T06:08:29+00:00",
        "language": "PHP",
        "memory": 14720.0,
        "problem": "bf1troll",
        "result": "WA",
        "status": "D",
        "time": 0.017631068
    },
    "2139744": {
        "case_points": 100.0,
        "case_total": 100.0,
        "date": "2020-06-12T06:09:47+00:00",
        "language": "PHP",
        "memory": 21140.0,
        "problem": "bf1hard",
        "result": "AC",
        "status": "D",
        "time": 0.647178636
    },
    "2139747": {
        "case_points": 0.0,
        "case_total": 0.0,
        "date": "2020-06-12T06:17:28+00:00",
        "language": "CPP11",
        "memory": null,
        "problem": "toosimple",
        "result": "CE",
        "status": "CE",
        "time": null
    },
    "2139748": {
        "case_points": 0.0,
        "case_total": 100.0,
        "date": "2020-06-12T06:17:34+00:00",
        "language": "CPP11",
        "memory": 1776.0,
        "problem": "toosimple",
        "result": "WA",
        "status": "D",
        "time": 0.002700566
    },
    "2139749": {
        "case_points": 0.0,
        "case_total": 0.0,
        "date": "2020-06-12T06:17:47+00:00",
        "language": "CPP11",
        "memory": null,
        "problem": "toosimple",
        "result": "CE",
        "status": "CE",
        "time": null
    },
    "2139750": {
        "case_points": 0.0,
        "case_total": 0.0,
        "date": "2020-06-12T06:18:11+00:00",
        "language": "CPP11",
        "memory": null,
        "problem": "toosimple",
        "result": "CE",
        "status": "CE",
        "time": null
    },
    "2139751": {
        "case_points": 100.0,
        "case_total": 100.0,
        "date": "2020-06-12T06:21:36+00:00",
        "language": "CPP11",
        "memory": 1728.0,
        "problem": "toosimple",
        "result": "AC",
        "status": "D",
        "time": 0.002306882
    },
    "2139762": {
        "case_points": 100.0,
        "case_total": 100.0,
        "date": "2020-06-12T06:45:14+00:00",
        "language": "TEXT",
        "memory": 1888.0,
        "problem": "scroll",
        "result": "AC",
        "status": "D",
        "time": 0.002044288
    },
    "2139775": {
        "case_points": 0.0,
        "case_total": 512.0,
        "date": "2020-06-12T07:46:39+00:00",
        "language": "PY3",
        "memory": 9128.0,
        "problem": "tle18p1",
        "result": "IR",
        "status": "D",
        "time": 0.017986355
    },
    "2143192": {
        "case_points": 0.0,
        "case_total": 55.0,
        "date": "2020-06-14T10:25:52+00:00",
        "language": "PY3",
        "memory": 9184.0,
        "problem": "miraclesort",
        "result": "MLE",
        "status": "D",
        "time": 0.202251211
    },
    "2143193": {
        "case_points": 0.0,
        "case_total": 55.0,
        "date": "2020-06-14T10:26:12+00:00",
        "language": "PYPY",
        "memory": 216.0,
        "problem": "miraclesort",
        "result": "IR",
        "status": "D",
        "time": 0.022963056
    },
    "2143194": {
        "case_points": 0.0,
        "case_total": 55.0,
        "date": "2020-06-14T10:26:27+00:00",
        "language": "PYPY3",
        "memory": 216.0,
        "problem": "miraclesort",
        "result": "IR",
        "status": "D",
        "time": 0.022852716
    },
    "2143195": {
        "case_points": 0.0,
        "case_total": 55.0,
        "date": "2020-06-14T10:26:41+00:00",
        "language": "PY3",
        "memory": 9204.0,
        "problem": "miraclesort",
        "result": "MLE",
        "status": "D",
        "time": 0.20263127
    },
    "2143196": {
        "case_points": 0.0,
        "case_total": 55.0,
        "date": "2020-06-14T10:29:33+00:00",
        "language": "PY2",
        "memory": 9968.0,
        "problem": "miraclesort",
        "result": "MLE",
        "status": "D",
        "time": 0.132307178
    },
    "2143199": {
        "case_points": 0.0,
        "case_total": 55.0,
        "date": "2020-06-14T10:35:44+00:00",
        "language": "PY3",
        "memory": 9200.0,
        "problem": "miraclesort",
        "result": "MLE",
        "status": "D",
        "time": 0.218340438
    },
    "2143201": {
        "case_points": 25.0,
        "case_total": 55.0,
        "date": "2020-06-14T10:38:46+00:00",
        "language": "CPP11",
        "memory": 4040.0,
        "problem": "miraclesort",
        "result": "RTE",
        "status": "D",
        "time": 0.308660806
    },
    "2143202": {
        "case_points": 25.0,
        "case_total": 55.0,
        "date": "2020-06-14T10:39:48+00:00",
        "language": "CPP11",
        "memory": 6668.0,
        "problem": "miraclesort",
        "result": "MLE",
        "status": "D",
        "time": 0.484994623
    },
    "2143203": {
        "case_points": 55.0,
        "case_total": 55.0,
        "date": "2020-06-14T10:44:32+00:00",
        "language": "PAS",
        "memory": 4.0,
        "problem": "miraclesort",
        "result": "AC",
        "status": "D",
        "time": 1.455145294
    },
    "2143204": {
        "case_points": 55.0,
        "case_total": 55.0,
        "date": "2020-06-14T10:55:56+00:00",
        "language": "CPP11",
        "memory": 836.0,
        "problem": "miraclesort",
        "result": "AC",
        "status": "D",
        "time": 0.976769549
    },
    "2143206": {
        "case_points": 55.0,
        "case_total": 55.0,
        "date": "2020-06-14T10:56:41+00:00",
        "language": "CPP11",
        "memory": 836.0,
        "problem": "miraclesort",
        "result": "AC",
        "status": "D",
        "time": 1.040344164
    },
    "2143207": {
        "case_points": 55.0,
        "case_total": 55.0,
        "date": "2020-06-14T10:57:01+00:00",
        "language": "CLANGX",
        "memory": 1852.0,
        "problem": "miraclesort",
        "result": "AC",
        "status": "D",
        "time": 1.039978863
    },
    "2143208": {
        "case_points": 55.0,
        "case_total": 55.0,
        "date": "2020-06-14T10:57:20+00:00",
        "language": "C",
        "memory": 772.0,
        "problem": "miraclesort",
        "result": "AC",
        "status": "D",
        "time": 0.990898003
    },
    "2143209": {
        "case_points": 55.0,
        "case_total": 55.0,
        "date": "2020-06-14T10:58:32+00:00",
        "language": "CPP11",
        "memory": 844.0,
        "problem": "miraclesort",
        "result": "AC",
        "status": "D",
        "time": 0.868201301
    },
    "2143211": {
        "case_points": 0.0,
        "case_total": 55.0,
        "date": "2020-06-14T10:59:42+00:00",
        "language": "PY2",
        "memory": 6424.0,
        "problem": "miraclesort",
        "result": "MLE",
        "status": "D",
        "time": 0.106967888
    },
    "2143212": {
        "case_points": 0.0,
        "case_total": 55.0,
        "date": "2020-06-14T11:00:14+00:00",
        "language": "PY2",
        "memory": 6468.0,
        "problem": "miraclesort",
        "result": "MLE",
        "status": "D",
        "time": 22.304323249
    },
    "2143213": {
        "case_points": 0.0,
        "case_total": 55.0,
        "date": "2020-06-14T11:00:39+00:00",
        "language": "PY2",
        "memory": 6464.0,
        "problem": "miraclesort",
        "result": "IR",
        "status": "D",
        "time": 0.111813455
    },
    "2143214": {
        "case_points": 0.0,
        "case_total": 55.0,
        "date": "2020-06-14T11:01:03+00:00",
        "language": "PY2",
        "memory": 6640.0,
        "problem": "miraclesort",
        "result": "MLE",
        "status": "D",
        "time": 2.090897935
    },
    "2143215": {
        "case_points": 0.0,
        "case_total": 55.0,
        "date": "2020-06-14T11:01:19+00:00",
        "language": "PY2",
        "memory": 6392.0,
        "problem": "miraclesort",
        "result": "MLE",
        "status": "D",
        "time": 0.110615474
    },
    "2144694": {
        "case_points": 100.0,
        "case_total": 100.0,
        "date": "2020-06-14T21:15:10+00:00",
        "language": "PHP",
        "memory": 20988.0,
        "problem": "bf1hard",
        "result": "AC",
        "status": "D",
        "time": 0.694791512
    },
    "2146378": {
        "case_points": 0.0,
        "case_total": 100.0,
        "date": "2020-06-15T21:22:03+00:00",
        "language": "C",
        "memory": 836.0,
        "problem": "fastbit",
        "result": "WA",
        "status": "D",
        "time": 0.005421811
    },
    "2146398": {
        "case_points": 0.0,
        "case_total": 100.0,
        "date": "2020-06-15T21:33:24+00:00",
        "language": "PHP",
        "memory": 7780.0,
        "problem": "bf1easy",
        "result": "MLE",
        "status": "D",
        "time": 0.110695094
    },
    "2146399": {
        "case_points": 28.0,
        "case_total": 100.0,
        "date": "2020-06-15T21:35:33+00:00",
        "language": "CPP11",
        "memory": 5460.0,
        "problem": "bf1easy",
        "result": "RTE",
        "status": "D",
        "time": 0.673313972
    },
    "2146400": {
        "case_points": 100.0,
        "case_total": 100.0,
        "date": "2020-06-15T21:36:34+00:00",
        "language": "CPP11",
        "memory": 1844.0,
        "problem": "bf1easy",
        "result": "AC",
        "status": "D",
        "time": 0.672547162
    },
    "2146412": {
        "case_points": 10.0,
        "case_total": 10.0,
        "date": "2020-06-15T21:53:01+00:00",
        "language": "PYPY",
        "memory": 59212.0,
        "problem": "shortest1",
        "result": "AC",
        "status": "D",
        "time": 3.99421963
    },
    "2146416": {
        "case_points": 10.0,
        "case_total": 10.0,
        "date": "2020-06-15T21:54:32+00:00",
        "language": "PYPY",
        "memory": 92800.0,
        "problem": "shortest1",
        "result": "MLE",
        "status": "D",
        "time": 3.126484178
    },
    "2146418": {
        "case_points": 10.0,
        "case_total": 10.0,
        "date": "2020-06-15T21:54:45+00:00",
        "language": "PY2",
        "memory": 20484.0,
        "problem": "shortest1",
        "result": "AC",
        "status": "D",
        "time": 3.99546101
    },
    "2146457": {
        "case_points": 100.0,
        "case_total": 100.0,
        "date": "2020-06-15T22:23:39+00:00",
        "language": "PYPY3",
        "memory": 55660.0,
        "problem": "saoj",
        "result": "AC",
        "status": "D",
        "time": 0.431361755
    },
    "2146467": {
        "case_points": 0.0,
        "case_total": 100.0,
        "date": "2020-06-15T22:35:35+00:00",
        "language": "JAVA8",
        "memory": 42036.0,
        "problem": "saoj2",
        "result": "WA",
        "status": "D",
        "time": 0.35633354
    },
    "2146470": {
        "case_points": 0.0,
        "case_total": 100.0,
        "date": "2020-06-15T22:38:37+00:00",
        "language": "JAVA8",
        "memory": 44052.0,
        "problem": "saoj2",
        "result": "WA",
        "status": "D",
        "time": 0.986523016
    },
    "2146471": {
        "case_points": 0.0,
        "case_total": 100.0,
        "date": "2020-06-15T22:39:14+00:00",
        "language": "JAVA8",
        "memory": 42052.0,
        "problem": "saoj2",
        "result": "WA",
        "status": "D",
        "time": 1.43291296
    },
    "2146473": {
        "case_points": 0.0,
        "case_total": 100.0,
        "date": "2020-06-15T22:39:36+00:00",
        "language": "JAVA8",
        "memory": 41888.0,
        "problem": "saoj2",
        "result": "WA",
        "status": "D",
        "time": 1.62281018
    },
    "2146476": {
        "case_points": 0.0,
        "case_total": 100.0,
        "date": "2020-06-15T22:39:53+00:00",
        "language": "JAVA8",
        "memory": 42152.0,
        "problem": "saoj2",
        "result": "WA",
        "status": "D",
        "time": 2.258699732
    },
    "2146477": {
        "case_points": 0.0,
        "case_total": 100.0,
        "date": "2020-06-15T22:40:05+00:00",
        "language": "JAVA8",
        "memory": 42312.0,
        "problem": "saoj2",
        "result": "TLE",
        "status": "D",
        "time": 2.87356535
    },
    "2146478": {
        "case_points": 0.0,
        "case_total": 100.0,
        "date": "2020-06-15T22:40:20+00:00",
        "language": "JAVA8",
        "memory": 41344.0,
        "problem": "saoj2",
        "result": "TLE",
        "status": "D",
        "time": 3.504539902
    },
    "2146480": {
        "case_points": 0.0,
        "case_total": 100.0,
        "date": "2020-06-15T22:40:56+00:00",
        "language": "JAVA8",
        "memory": 41844.0,
        "problem": "saoj2",
        "result": "TLE",
        "status": "D",
        "time": 5.886633693
    },
    "2146481": {
        "case_points": 0.0,
        "case_total": 0.0,
        "date": "2020-06-15T22:41:14+00:00",
        "language": "JAVA8",
        "memory": null,
        "problem": "saoj2",
        "result": "CE",
        "status": "CE",
        "time": null
    },
    "2146483": {
        "case_points": 0.0,
        "case_total": 100.0,
        "date": "2020-06-15T22:41:21+00:00",
        "language": "JAVA8",
        "memory": 43004.0,
        "problem": "saoj2",
        "result": "TLE",
        "status": "D",
        "time": 6.576449628
    },
    "2146489": {
        "case_points": 0.0,
        "case_total": 100.0,
        "date": "2020-06-15T22:42:56+00:00",
        "language": "JAVA8",
        "memory": 41184.0,
        "problem": "saoj2",
        "result": "TLE",
        "status": "D",
        "time": 7.84950769
    },
    "2146492": {
        "case_points": 100.0,
        "case_total": 100.0,
        "date": "2020-06-15T22:46:52+00:00",
        "language": "TEXT",
        "memory": 1884.0,
        "problem": "piggy",
        "result": "AC",
        "status": "D",
        "time": 0.001978964
    },
    "2146493": {
        "case_points": 0.0,
        "case_total": 100.0,
        "date": "2020-06-15T22:48:05+00:00",
        "language": "PY3",
        "memory": 9200.0,
        "problem": "piggy",
        "result": "WA",
        "status": "D",
        "time": 0.017046932
    },
    "2146503": {
        "case_points": 0.0,
        "case_total": 0.0,
        "date": "2020-06-15T23:05:39+00:00",
        "language": "C",
        "memory": null,
        "problem": "fastbit",
        "result": "CE",
        "status": "CE",
        "time": null
    },
    "2146504": {
        "case_points": 100.0,
        "case_total": 100.0,
        "date": "2020-06-15T23:05:44+00:00",
        "language": "C",
        "memory": 768.0,
        "problem": "fastbit",
        "result": "AC",
        "status": "D",
        "time": 0.374853784
    },
    "2146515": {
        "case_points": 100.0,
        "case_total": 100.0,
        "date": "2020-06-15T23:15:16+00:00",
        "language": "C",
        "memory": 776.0,
        "problem": "fastbit",
        "result": "AC",
        "status": "D",
        "time": 0.374276761
    },
    "2146516": {
        "case_points": 100.0,
        "case_total": 100.0,
        "date": "2020-06-15T23:16:13+00:00",
        "language": "C",
        "memory": 768.0,
        "problem": "fastbit",
        "result": "AC",
        "status": "D",
        "time": 0.374250632
    },
    "2146519": {
        "case_points": 100.0,
        "case_total": 100.0,
        "date": "2020-06-15T23:17:38+00:00",
        "language": "C",
        "memory": 840.0,
        "problem": "fastbit",
        "result": "AC",
        "status": "D",
        "time": 0.373903667
    },
    "2146520": {
        "case_points": 100.0,
        "case_total": 100.0,
        "date": "2020-06-15T23:17:49+00:00",
        "language": "CPP11",
        "memory": 776.0,
        "problem": "fastbit",
        "result": "AC",
        "status": "D",
        "time": 0.374614075
    },
    "2146521": {
        "case_points": 100.0,
        "case_total": 100.0,
        "date": "2020-06-15T23:18:03+00:00",
        "language": "CPP11",
        "memory": 716.0,
        "problem": "fastbit",
        "result": "AC",
        "status": "D",
        "time": 0.377125714
    },
    "2146523": {
        "case_points": 100.0,
        "case_total": 100.0,
        "date": "2020-06-15T23:18:22+00:00",
        "language": "CPP11",
        "memory": 840.0,
        "problem": "fastbit",
        "result": "AC",
        "status": "D",
        "time": 0.375503554
    },
    "2146524": {
        "case_points": 100.0,
        "case_total": 100.0,
        "date": "2020-06-15T23:18:30+00:00",
        "language": "CPP03",
        "memory": 836.0,
        "problem": "fastbit",
        "result": "AC",
        "status": "D",
        "time": 0.376306501
    },
    "2146525": {
        "case_points": 100.0,
        "case_total": 100.0,
        "date": "2020-06-15T23:18:36+00:00",
        "language": "C",
        "memory": 776.0,
        "problem": "fastbit",
        "result": "AC",
        "status": "D",
        "time": 0.374067149
    },
    "2146527": {
        "case_points": 100.0,
        "case_total": 100.0,
        "date": "2020-06-15T23:18:47+00:00",
        "language": "C",
        "memory": 776.0,
        "problem": "fastbit",
        "result": "AC",
        "status": "D",
        "time": 0.375220746
    },
    "2146528": {
        "case_points": 100.0,
        "case_total": 100.0,
        "date": "2020-06-15T23:19:06+00:00",
        "language": "C",
        "memory": 836.0,
        "problem": "fastbit",
        "result": "AC",
        "status": "D",
        "time": 0.378006337
    },
    "2146529": {
        "case_points": 0.0,
        "case_total": 0.0,
        "date": "2020-06-15T23:19:28+00:00",
        "language": "C",
        "memory": null,
        "problem": "fastbit",
        "result": "CE",
        "status": "CE",
        "time": null
    },
    "2146530": {
        "case_points": 100.0,
        "case_total": 100.0,
        "date": "2020-06-15T23:20:15+00:00",
        "language": "CPP11",
        "memory": 776.0,
        "problem": "fastbit",
        "result": "AC",
        "status": "D",
        "time": 0.374435101
    },
    "2146531": {
        "case_points": 100.0,
        "case_total": 100.0,
        "date": "2020-06-15T23:20:32+00:00",
        "language": "CPP03",
        "memory": 772.0,
        "problem": "fastbit",
        "result": "AC",
        "status": "D",
        "time": 0.374715358
    },
    "2146532": {
        "case_points": 100.0,
        "case_total": 100.0,
        "date": "2020-06-15T23:21:01+00:00",
        "language": "CPP03",
        "memory": 836.0,
        "problem": "fastbit",
        "result": "AC",
        "status": "D",
        "time": 0.373391025
    },
    "2146533": {
        "case_points": 100.0,
        "case_total": 100.0,
        "date": "2020-06-15T23:21:24+00:00",
        "language": "CPP11",
        "memory": 776.0,
        "problem": "fastbit",
        "result": "AC",
        "status": "D",
        "time": 0.374042751
    },
    "2146534": {
        "case_points": 100.0,
        "case_total": 100.0,
        "date": "2020-06-15T23:21:31+00:00",
        "language": "C",
        "memory": 772.0,
        "problem": "fastbit",
        "result": "AC",
        "status": "D",
        "time": 0.374590774
    },
    "2146535": {
        "case_points": 100.0,
        "case_total": 100.0,
        "date": "2020-06-15T23:21:57+00:00",
        "language": "CPP17",
        "memory": 772.0,
        "problem": "fastbit",
        "result": "AC",
        "status": "D",
        "time": 0.373911851
    },
    "2146536": {
        "case_points": 100.0,
        "case_total": 100.0,
        "date": "2020-06-15T23:22:06+00:00",
        "language": "CPP17",
        "memory": 840.0,
        "problem": "fastbit",
        "result": "AC",
        "status": "D",
        "time": 0.373283674
    },
    "2146537": {
        "case_points": 100.0,
        "case_total": 100.0,
        "date": "2020-06-15T23:22:31+00:00",
        "language": "CPP03",
        "memory": 780.0,
        "problem": "fastbit",
        "result": "AC",
        "status": "D",
        "time": 0.375333731
    },
    "2146538": {
        "case_points": 100.0,
        "case_total": 100.0,
        "date": "2020-06-15T23:22:38+00:00",
        "language": "CPP11",
        "memory": 772.0,
        "problem": "fastbit",
        "result": "AC",
        "status": "D",
        "time": 0.374002228
    },
    "2146539": {
        "case_points": 0.0,
        "case_total": 100.0,
        "date": "2020-06-15T23:22:51+00:00",
        "language": "CPP11",
        "memory": 844.0,
        "problem": "fastbit",
        "result": "WA",
        "status": "D",
        "time": 0.005304159
    },
    "2146540": {
        "case_points": 100.0,
        "case_total": 100.0,
        "date": "2020-06-15T23:23:13+00:00",
        "language": "CPP14",
        "memory": 840.0,
        "problem": "fastbit",
        "result": "AC",
        "status": "D",
        "time": 0.37577318
    },
    "2146541": {
        "case_points": 100.0,
        "case_total": 100.0,
        "date": "2020-06-15T23:23:23+00:00",
        "language": "CPP14",
        "memory": 776.0,
        "problem": "fastbit",
        "result": "AC",
        "status": "D",
        "time": 0.374244954
    },
    "2146542": {
        "case_points": 100.0,
        "case_total": 100.0,
        "date": "2020-06-15T23:23:31+00:00",
        "language": "CPP14",
        "memory": 840.0,
        "problem": "fastbit",
        "result": "AC",
        "status": "D",
        "time": 0.375441904
    },
    "2146543": {
        "case_points": 100.0,
        "case_total": 100.0,
        "date": "2020-06-15T23:23:51+00:00",
        "language": "CPP11",
        "memory": 836.0,
        "problem": "fastbit",
        "result": "AC",
        "status": "D",
        "time": 0.373753756
    },
    "2146544": {
        "case_points": 0.0,
        "case_total": 0.0,
        "date": "2020-06-15T23:24:13+00:00",
        "language": "CPP11",
        "memory": null,
        "problem": "fastbit",
        "result": "CE",
        "status": "CE",
        "time": null
    },
    "2146546": {
        "case_points": 100.0,
        "case_total": 100.0,
        "date": "2020-06-15T23:25:34+00:00",
        "language": "CPP11",
        "memory": 772.0,
        "problem": "fastbit",
        "result": "AC",
        "status": "D",
        "time": 0.395125968
    },
    "2146548": {
        "case_points": 100.0,
        "case_total": 100.0,
        "date": "2020-06-15T23:26:19+00:00",
        "language": "CPP11",
        "memory": 844.0,
        "problem": "fastbit",
        "result": "AC",
        "status": "D",
        "time": 0.374695098
    },
    "2146549": {
        "case_points": 100.0,
        "case_total": 100.0,
        "date": "2020-06-15T23:26:28+00:00",
        "language": "CPP03",
        "memory": 776.0,
        "problem": "fastbit",
        "result": "AC",
        "status": "D",
        "time": 0.374041138
    },
    "2146550": {
        "case_points": 100.0,
        "case_total": 100.0,
        "date": "2020-06-15T23:26:36+00:00",
        "language": "C",
        "memory": 772.0,
        "problem": "fastbit",
        "result": "AC",
        "status": "D",
        "time": 0.375345208
    },
    "2146551": {
        "case_points": 100.0,
        "case_total": 100.0,
        "date": "2020-06-15T23:26:47+00:00",
        "language": "C",
        "memory": 836.0,
        "problem": "fastbit",
        "result": "AC",
        "status": "D",
        "time": 0.373969191
    },
    "2146552": {
        "case_points": 100.0,
        "case_total": 100.0,
        "date": "2020-06-15T23:26:53+00:00",
        "language": "CPP17",
        "memory": 776.0,
        "problem": "fastbit",
        "result": "AC",
        "status": "D",
        "time": 0.373316126
    },
    "2146553": {
        "case_points": 100.0,
        "case_total": 100.0,
        "date": "2020-06-15T23:28:05+00:00",
        "language": "CPP17",
        "memory": 764.0,
        "problem": "fastbit",
        "result": "AC",
        "status": "D",
        "time": 0.376395964
    },
    "2146558": {
        "case_points": 100.0,
        "case_total": 100.0,
        "date": "2020-06-15T23:29:43+00:00",
        "language": "C",
        "memory": 772.0,
        "problem": "fastbit",
        "result": "AC",
        "status": "D",
        "time": 0.373412458
    },
    "2146562": {
        "case_points": 100.0,
        "case_total": 100.0,
        "date": "2020-06-15T23:30:06+00:00",
        "language": "CPP11",
        "memory": 780.0,
        "problem": "fastbit",
        "result": "AC",
        "status": "D",
        "time": 0.374691479
    },
    "2146563": {
        "case_points": 100.0,
        "case_total": 100.0,
        "date": "2020-06-15T23:30:12+00:00",
        "language": "CPP17",
        "memory": 772.0,
        "problem": "fastbit",
        "result": "AC",
        "status": "D",
        "time": 0.373792085
    },
    "2146564": {
        "case_points": 100.0,
        "case_total": 100.0,
        "date": "2020-06-15T23:30:17+00:00",
        "language": "CPP03",
        "memory": 772.0,
        "problem": "fastbit",
        "result": "AC",
        "status": "D",
        "time": 0.375856424
    },
    "2146565": {
        "case_points": 100.0,
        "case_total": 100.0,
        "date": "2020-06-15T23:30:22+00:00",
        "language": "CPP14",
        "memory": 780.0,
        "problem": "fastbit",
        "result": "AC",
        "status": "D",
        "time": 0.374408463
    },
    "2146816": {
        "case_points": 20.0,
        "case_total": 80.0,
        "date": "2020-06-16T03:50:27+00:00",
        "language": "CPP11",
        "memory": 1848.0,
        "problem": "cccjqrp3",
        "result": "WA",
        "status": "D",
        "time": 0.193049818
    },
    "2146826": {
        "case_points": 20.0,
        "case_total": 80.0,
        "date": "2020-06-16T03:55:22+00:00",
        "language": "CPP11",
        "memory": 1852.0,
        "problem": "cccjqrp3",
        "result": "WA",
        "status": "D",
        "time": 0.177205922
    },
    "2146836": {
        "case_points": 20.0,
        "case_total": 80.0,
        "date": "2020-06-16T04:00:36+00:00",
        "language": "CPP11",
        "memory": 1848.0,
        "problem": "cccjqrp3",
        "result": "WA",
        "status": "D",
        "time": 0.190863647
    },
    "2146841": {
        "case_points": 0.0,
        "case_total": 0.0,
        "date": "2020-06-16T04:01:56+00:00",
        "language": "C",
        "memory": null,
        "problem": "cccjqrp3",
        "result": "CE",
        "status": "CE",
        "time": null
    },
    "2146842": {
        "case_points": 20.0,
        "case_total": 80.0,
        "date": "2020-06-16T04:02:01+00:00",
        "language": "CPP11",
        "memory": 1852.0,
        "problem": "cccjqrp3",
        "result": "WA",
        "status": "D",
        "time": 0.17721136
    },
    "2146854": {
        "case_points": 20.0,
        "case_total": 80.0,
        "date": "2020-06-16T04:05:36+00:00",
        "language": "CPP11",
        "memory": 1848.0,
        "problem": "cccjqrp3",
        "result": "WA",
        "status": "D",
        "time": 0.176204056
    },
    "2146856": {
        "case_points": 20.0,
        "case_total": 80.0,
        "date": "2020-06-16T04:05:55+00:00",
        "language": "CPP11",
        "memory": 1848.0,
        "problem": "cccjqrp3",
        "result": "WA",
        "status": "D",
        "time": 0.18589765
    },
    "2146857": {
        "case_points": 20.0,
        "case_total": 80.0,
        "date": "2020-06-16T04:08:11+00:00",
        "language": "CPP11",
        "memory": 1852.0,
        "problem": "cccjqrp3",
        "result": "WA",
        "status": "D",
        "time": 0.177570397
    },
    "2146858": {
        "case_points": 0.0,
        "case_total": 80.0,
        "date": "2020-06-16T04:09:26+00:00",
        "language": "CPP11",
        "memory": 1848.0,
        "problem": "cccjqrp3",
        "result": "WA",
        "status": "D",
        "time": 0.186348396
    },
    "2146862": {
        "case_points": 20.0,
        "case_total": 80.0,
        "date": "2020-06-16T04:14:31+00:00",
        "language": "CPP11",
        "memory": 1848.0,
        "problem": "cccjqrp3",
        "result": "WA",
        "status": "D",
        "time": 0.18525776
    },
    "2146864": {
        "case_points": 80.0,
        "case_total": 80.0,
        "date": "2020-06-16T04:17:48+00:00",
        "language": "CPP11",
        "memory": 1852.0,
        "problem": "cccjqrp3",
        "result": "AC",
        "status": "D",
        "time": 0.215391558
    },
    "2146870": {
        "case_points": 0.0,
        "case_total": 32.0,
        "date": "2020-06-16T04:23:28+00:00",
        "language": "CPP11",
        "memory": 1852.0,
        "problem": "cccjqrp4",
        "result": "TLE",
        "status": "D",
        "time": 3.67523428
    },
    "2146871": {
        "case_points": 0.0,
        "case_total": 32.0,
        "date": "2020-06-16T04:24:26+00:00",
        "language": "CPP11",
        "memory": 1848.0,
        "problem": "cccjqrp4",
        "result": "TLE",
        "status": "D",
        "time": 1.950032119
    },
    "2146876": {
        "case_points": 0.0,
        "case_total": 32.0,
        "date": "2020-06-16T04:26:42+00:00",
        "language": "CPP11",
        "memory": 1848.0,
        "problem": "cccjqrp4",
        "result": "TLE",
        "status": "D",
        "time": 1.961511104
    },
    "2146882": {
        "case_points": 0.0,
        "case_total": 32.0,
        "date": "2020-06-16T04:30:07+00:00",
        "language": "CPP11",
        "memory": 1852.0,
        "problem": "cccjqrp4",
        "result": "TLE",
        "status": "D",
        "time": 2.133126082
    },
    "2146884": {
        "case_points": 0.0,
        "case_total": 32.0,
        "date": "2020-06-16T04:33:16+00:00",
        "language": "CPP11",
        "memory": 1844.0,
        "problem": "cccjqrp4",
        "result": "TLE",
        "status": "D",
        "time": 1.94330589
    },
    "2157881": {
        "case_points": 0.0,
        "case_total": 1000.0,
        "date": "2020-06-18T04:08:13+00:00",
        "language": "TEXT",
        "memory": 1796.0,
        "problem": "ioiqrp3",
        "result": "AC",
        "status": "D",
        "time": 0.002213396
    },
    "2157884": {
        "case_points": 0.0,
        "case_total": 42069.0,
        "date": "2020-06-18T04:15:39+00:00",
        "language": "ZIG",
        "memory": 4.0,
        "problem": "cccjqrp1",
        "result": "WA",
        "status": "D",
        "time": 0.001782949
    },
    "2157886": {
        "case_points": 0.0,
        "case_total": 42069.0,
        "date": "2020-06-18T04:16:16+00:00",
        "language": "TEXT",
        "memory": 1752.0,
        "problem": "cccjqrp1",
        "result": "WA",
        "status": "D",
        "time": 0.002162602
    },
    "2157888": {
        "case_points": 0.0,
        "case_total": 0.0,
        "date": "2020-06-18T04:17:00+00:00",
        "language": "ZIG",
        "memory": null,
        "problem": "cccjqrp1",
        "result": "CE",
        "status": "CE",
        "time": null
    },
    "2157890": {
        "case_points": 42069.0,
        "case_total": 42069.0,
        "date": "2020-06-18T04:17:32+00:00",
        "language": "ZIG",
        "memory": 4.0,
        "problem": "cccjqrp1",
        "result": "AC",
        "status": "D",
        "time": 0.410189356
    },
    "2157893": {
        "case_points": 42069.0,
        "case_total": 42069.0,
        "date": "2020-06-18T04:18:14+00:00",
        "language": "C",
        "memory": 844.0,
        "problem": "cccjqrp1",
        "result": "AC",
        "status": "D",
        "time": 0.482313169
    },
    "2157898": {
        "case_points": 0.0,
        "case_total": 20.0,
        "date": "2020-06-18T04:23:09+00:00",
        "language": "PY3",
        "memory": 9380.0,
        "problem": "cccjqrp2",
        "result": "WA",
        "status": "D",
        "time": 0.481993173
    },
    "2157899": {
        "case_points": 20.0,
        "case_total": 20.0,
        "date": "2020-06-18T04:23:43+00:00",
        "language": "PY3",
        "memory": 9260.0,
        "problem": "cccjqrp2",
        "result": "AC",
        "status": "D",
        "time": 0.365019592
    },
    "2157903": {
        "case_points": 80.0,
        "case_total": 80.0,
        "date": "2020-06-18T04:26:29+00:00",
        "language": "CPP11",
        "memory": 1844.0,
        "problem": "cccjqrp3",
        "result": "AC",
        "status": "D",
        "time": 0.185087015
    },
    "2157908": {
        "case_points": 0.0,
        "case_total": 4761.0,
        "date": "2020-06-18T04:28:24+00:00",
        "language": "TEXT",
        "memory": 1900.0,
        "problem": "cccjqrp6",
        "result": "WA",
        "status": "D",
        "time": 0.239693582
    },
    "2157909": {
        "case_points": 0.0,
        "case_total": 4761.0,
        "date": "2020-06-18T04:28:49+00:00",
        "language": "TEXT",
        "memory": 1864.0,
        "problem": "cccjqrp6",
        "result": "WA",
        "status": "D",
        "time": 0.144683093
    },
    "2157910": {
        "case_points": 0.0,
        "case_total": 4761.0,
        "date": "2020-06-18T04:29:04+00:00",
        "language": "TEXT",
        "memory": 1920.0,
        "problem": "cccjqrp6",
        "result": "WA",
        "status": "D",
        "time": 0.160040944
    },
    "2157911": {
        "case_points": 0.0,
        "case_total": 4761.0,
        "date": "2020-06-18T04:29:21+00:00",
        "language": "TEXT",
        "memory": 1900.0,
        "problem": "cccjqrp6",
        "result": "WA",
        "status": "D",
        "time": 0.24067655
    },
    "2157912": {
        "case_points": 0.0,
        "case_total": 4761.0,
        "date": "2020-06-18T04:29:57+00:00",
        "language": "TEXT",
        "memory": 1924.0,
        "problem": "cccjqrp6",
        "result": "WA",
        "status": "D",
        "time": 0.162158213
    },
    "2157913": {
        "case_points": 0.0,
        "case_total": 4761.0,
        "date": "2020-06-18T04:31:06+00:00",
        "language": "TEXT",
        "memory": 1868.0,
        "problem": "cccjqrp6",
        "result": "WA",
        "status": "D",
        "time": 0.142428248
    },
    "2157916": {
        "case_points": 0.0,
        "case_total": 4761.0,
        "date": "2020-06-18T04:32:27+00:00",
        "language": "TEXT",
        "memory": 1868.0,
        "problem": "cccjqrp6",
        "result": "WA",
        "status": "D",
        "time": 0.144706763
    },
    "2157918": {
        "case_points": 4.0,
        "case_total": 100.0,
        "date": "2020-06-18T04:33:18+00:00",
        "language": "BF",
        "memory": 708.0,
        "problem": "cccjqrp5",
        "result": "WA",
        "status": "D",
        "time": 0.007204432
    },
    "2157919": {
        "case_points": 0.0,
        "case_total": 100.0,
        "date": "2020-06-18T04:33:53+00:00",
        "language": "BF",
        "memory": 760.0,
        "problem": "cccjqrp5",
        "result": "WA",
        "status": "D",
        "time": 0.001854486
    },
    "2157922": {
        "case_points": 0.0,
        "case_total": 100.0,
        "date": "2020-06-18T04:37:51+00:00",
        "language": "BF",
        "memory": 768.0,
        "problem": "cccjqrp5",
        "result": "WA",
        "status": "D",
        "time": 0.002539848
    },
    "2157947": {
        "case_points": 0.0,
        "case_total": 0.0,
        "date": "2020-06-18T05:06:58+00:00",
        "language": "PAS",
        "memory": null,
        "problem": "digitsum",
        "result": "CE",
        "status": "CE",
        "time": null
    },
    "2158779": {
        "case_points": 1521.0,
        "case_total": 1521.0,
        "date": "2020-06-18T23:30:25+00:00",
        "language": "CPP11",
        "memory": 1716.0,
        "problem": "thereturnofaplusb",
        "result": "AC",
        "status": "D",
        "time": 0.012464562
    },
    "2158783": {
        "case_points": 1521.0,
        "case_total": 1521.0,
        "date": "2020-06-18T23:36:50+00:00",
        "language": "PY3",
        "memory": 9180.0,
        "problem": "thereturnofaplusb",
        "result": "AC",
        "status": "D",
        "time": 0.042095526
    },
    "2158793": {
        "case_points": 1521.0,
        "case_total": 1521.0,
        "date": "2020-06-18T23:48:37+00:00",
        "language": "PY3",
        "memory": 9008.0,
        "problem": "thereturnofaplusb",
        "result": "AC",
        "status": "D",
        "time": 0.035676013
    },
    "2158795": {
        "case_points": 1521.0,
        "case_total": 1521.0,
        "date": "2020-06-18T23:48:56+00:00",
        "language": "PY3",
        "memory": 9156.0,
        "problem": "thereturnofaplusb",
        "result": "AC",
        "status": "D",
        "time": 0.0368927
    },
    "2158796": {
        "case_points": 0.0,
        "case_total": 1521.0,
        "date": "2020-06-18T23:49:05+00:00",
        "language": "PY3",
        "memory": 9208.0,
        "problem": "thereturnofaplusb",
        "result": "WA",
        "status": "D",
        "time": 0.037122387
    },
    "2158797": {
        "case_points": 1521.0,
        "case_total": 1521.0,
        "date": "2020-06-18T23:49:20+00:00",
        "language": "PY3",
        "memory": 9360.0,
        "problem": "thereturnofaplusb",
        "result": "AC",
        "status": "D",
        "time": 0.036522879
    },
    "2158799": {
        "case_points": 1521.0,
        "case_total": 1521.0,
        "date": "2020-06-18T23:50:52+00:00",
        "language": "PYPY3",
        "memory": 63304.0,
        "problem": "thereturnofaplusb",
        "result": "AC",
        "status": "D",
        "time": 0.129571376
    },
    "2158829": {
        "case_points": 0.0,
        "case_total": 32.0,
        "date": "2020-06-19T00:08:00+00:00",
        "language": "PY3",
        "memory": 9252.0,
        "problem": "cccjqrp4",
        "result": "TLE",
        "status": "D",
        "time": 6.97220788
    },
    "2158836": {
        "case_points": 0.0,
        "case_total": 32.0,
        "date": "2020-06-19T00:21:57+00:00",
        "language": "PY3",
        "memory": 10532.0,
        "problem": "cccjqrp4",
        "result": "IR",
        "status": "D",
        "time": 0.617534313
    },
    "2158839": {
        "case_points": 0.0,
        "case_total": 32.0,
        "date": "2020-06-19T00:26:05+00:00",
        "language": "PY3",
        "memory": 9400.0,
        "problem": "cccjqrp4",
        "result": "TLE",
        "status": "D",
        "time": 7.019609973
    },
    "2160890": {
        "case_points": 100.0,
        "case_total": 100.0,
        "date": "2020-06-20T10:08:07+00:00",
        "language": "CPP11",
        "memory": 716.0,
        "problem": "toosimple",
        "result": "AC",
        "status": "D",
        "time": 0.001282029
    },
    "2160891": {
        "case_points": 0.0,
        "case_total": 100.0,
        "date": "2020-06-20T10:08:14+00:00",
        "language": "CPP11",
        "memory": 768.0,
        "problem": "toosimple",
        "result": "WA",
        "status": "D",
        "time": 0.0012613
    },
    "2160896": {
        "case_points": 0.0,
        "case_total": 100.0,
        "date": "2020-06-20T10:09:40+00:00",
        "language": "CPP11",
        "memory": 776.0,
        "problem": "toosimple",
        "result": "WA",
        "status": "D",
        "time": 0.001247608
    },
    "2160899": {
        "case_points": 0.0,
        "case_total": 100.0,
        "date": "2020-06-20T10:10:24+00:00",
        "language": "PY3",
        "memory": 9236.0,
        "problem": "toosimple",
        "result": "WA",
        "status": "D",
        "time": 0.017336509
    },
    "2160902": {
        "case_points": 100.0,
        "case_total": 100.0,
        "date": "2020-06-20T10:11:52+00:00",
        "language": "PY3",
        "memory": 9224.0,
        "problem": "helloworld",
        "result": "AC",
        "status": "D",
        "time": 0.017130687
    },
    "2160904": {
        "case_points": 100.0,
        "case_total": 100.0,
        "date": "2020-06-20T10:15:32+00:00",
        "language": "TEXT",
        "memory": 1856.0,
        "problem": "scroll",
        "result": "AC",
        "status": "D",
        "time": 0.001605816
    },
    "2160905": {
        "case_points": 100.0,
        "case_total": 100.0,
        "date": "2020-06-20T10:15:49+00:00",
        "language": "TEXT",
        "memory": 1880.0,
        "problem": "scroll",
        "result": "AC",
        "status": "D",
        "time": 0.00213265
    },
    "2160940": {
        "case_points": 4.0,
        "case_total": 100.0,
        "date": "2020-06-20T13:01:19+00:00",
        "language": "BF",
        "memory": 712.0,
        "problem": "cccjqrp5",
        "result": "WA",
        "status": "D",
        "time": 0.002466988
    },
    "2160953": {
        "case_points": 8.0,
        "case_total": 100.0,
        "date": "2020-06-20T13:14:20+00:00",
        "language": "BF",
        "memory": 772.0,
        "problem": "cccjqrp5",
        "result": "WA",
        "status": "D",
        "time": 0.003686073
    },
    "2161001": {
        "case_points": 12.0,
        "case_total": 100.0,
        "date": "2020-06-20T14:00:33+00:00",
        "language": "BF",
        "memory": 772.0,
        "problem": "cccjqrp5",
        "result": "WA",
        "status": "D",
        "time": 0.004776168
    },
    "2161002": {
        "case_points": 16.0,
        "case_total": 100.0,
        "date": "2020-06-20T14:01:36+00:00",
        "language": "BF",
        "memory": 776.0,
        "problem": "cccjqrp5",
        "result": "WA",
        "status": "D",
        "time": 0.00668239
    },
    "2161004": {
        "case_points": 20.0,
        "case_total": 100.0,
        "date": "2020-06-20T14:03:04+00:00",
        "language": "BF",
        "memory": 780.0,
        "problem": "cccjqrp5",
        "result": "WA",
        "status": "D",
        "time": 0.007473591
    },
    "2161021": {
        "case_points": 21.0,
        "case_total": 100.0,
        "date": "2020-06-20T14:16:24+00:00",
        "language": "BF",
        "memory": 836.0,
        "problem": "cccjqrp5",
        "result": "WA",
        "status": "D",
        "time": 0.009978666
    },
    "2161022": {
        "case_points": 18.0,
        "case_total": 100.0,
        "date": "2020-06-20T14:16:48+00:00",
        "language": "BF",
        "memory": 836.0,
        "problem": "cccjqrp5",
        "result": "WA",
        "status": "D",
        "time": 0.008764553
    },
    "2161024": {
        "case_points": 20.0,
        "case_total": 100.0,
        "date": "2020-06-20T14:17:13+00:00",
        "language": "BF",
        "memory": 836.0,
        "problem": "cccjqrp5",
        "result": "WA",
        "status": "D",
        "time": 0.007585391
    },
    "2161027": {
        "case_points": 20.0,
        "case_total": 100.0,
        "date": "2020-06-20T14:18:07+00:00",
        "language": "BF",
        "memory": 840.0,
        "problem": "cccjqrp5",
        "result": "WA",
        "status": "D",
        "time": 0.010871051
    },
    "2161028": {
        "case_points": 20.0,
        "case_total": 100.0,
        "date": "2020-06-20T14:18:20+00:00",
        "language": "BF",
        "memory": 832.0,
        "problem": "cccjqrp5",
        "result": "WA",
        "status": "D",
        "time": 0.008442165
    },
    "2161029": {
        "case_points": 15.0,
        "case_total": 100.0,
        "date": "2020-06-20T14:18:30+00:00",
        "language": "BF",
        "memory": 840.0,
        "problem": "cccjqrp5",
        "result": "WA",
        "status": "D",
        "time": 0.009742193
    },
    "2161059": {
        "case_points": 100.0,
        "case_total": 100.0,
        "date": "2020-06-20T14:41:11+00:00",
        "language": "BF",
        "memory": 776.0,
        "problem": "helloworld",
        "result": "AC",
        "status": "D",
        "time": 0.00132154
    },
    "2161060": {
        "case_points": 0.0,
        "case_total": 100.0,
        "date": "2020-06-20T14:41:55+00:00",
        "language": "BF",
        "memory": 772.0,
        "problem": "helloworldhard",
        "result": "WA",
        "status": "D",
        "time": 0.001575242
    },
    "2161084": {
        "case_points": 0.0,
        "case_total": 0.0,
        "date": "2020-06-20T15:14:18+00:00",
        "language": "CPP11",
        "memory": null,
        "problem": "toosimple",
        "result": "CE",
        "status": "CE",
        "time": null
    },
    "2161085": {
        "case_points": 100.0,
        "case_total": 100.0,
        "date": "2020-06-20T15:14:38+00:00",
        "language": "CPP11",
        "memory": 832.0,
        "problem": "toosimple",
        "result": "AC",
        "status": "D",
        "time": 0.001274715
    },
    "2161089": {
        "case_points": 0.0,
        "case_total": 100.0,
        "date": "2020-06-20T15:15:57+00:00",
        "language": "CPP11",
        "memory": 768.0,
        "problem": "toosimple",
        "result": "WA",
        "status": "D",
        "time": 0.00126223
    },
    "2161090": {
        "case_points": 100.0,
        "case_total": 100.0,
        "date": "2020-06-20T15:16:09+00:00",
        "language": "CPP11",
        "memory": 776.0,
        "problem": "toosimple",
        "result": "AC",
        "status": "D",
        "time": 0.001357382
    },
    "2161091": {
        "case_points": 0.0,
        "case_total": 100.0,
        "date": "2020-06-20T15:16:17+00:00",
        "language": "CPP11",
        "memory": 716.0,
        "problem": "toosimple",
        "result": "WA",
        "status": "D",
        "time": 0.00163871
    },
    "2161140": {
        "case_points": 0.0,
        "case_total": 100.0,
        "date": "2020-06-20T15:48:29+00:00",
        "language": "BF",
        "memory": 708.0,
        "problem": "cccjqrp5",
        "result": "RTE",
        "status": "D",
        "time": 0.003038378
    },
    "2161167": {
        "case_points": 0.0,
        "case_total": 100.0,
        "date": "2020-06-20T16:16:30+00:00",
        "language": "BF",
        "memory": 708.0,
        "problem": "cccjqrp5",
        "result": "WA",
        "status": "D",
        "time": 0.005929099
    },
    "2161168": {
        "case_points": 0.0,
        "case_total": 100.0,
        "date": "2020-06-20T16:16:36+00:00",
        "language": "BF",
        "memory": 708.0,
        "problem": "cccjqrp5",
        "result": "WA",
        "status": "D",
        "time": 0.005976021
    },
    "2161169": {
        "case_points": 0.0,
        "case_total": 100.0,
        "date": "2020-06-20T16:17:10+00:00",
        "language": "BF",
        "memory": 708.0,
        "problem": "cccjqrp5",
        "result": "WA",
        "status": "D",
        "time": 0.003375224
    },
    "2161170": {
        "case_points": 0.0,
        "case_total": 100.0,
        "date": "2020-06-20T16:17:18+00:00",
        "language": "BF",
        "memory": 708.0,
        "problem": "cccjqrp5",
        "result": "WA",
        "status": "D",
        "time": 0.003179887
    },
    "2161171": {
        "case_points": 4.0,
        "case_total": 100.0,
        "date": "2020-06-20T16:17:27+00:00",
        "language": "BF",
        "memory": 708.0,
        "problem": "cccjqrp5",
        "result": "WA",
        "status": "D",
        "time": 0.007023819
    },
    "2161172": {
        "case_points": 0.0,
        "case_total": 100.0,
        "date": "2020-06-20T16:18:00+00:00",
        "language": "BF",
        "memory": 708.0,
        "problem": "cccjqrp5",
        "result": "WA",
        "status": "D",
        "time": 0.004698235
    },
    "2161196": {
        "case_points": 27.0,
        "case_total": 100.0,
        "date": "2020-06-20T16:44:40+00:00",
        "language": "BF",
        "memory": 840.0,
        "problem": "cccjqrp5",
        "result": "WA",
        "status": "D",
        "time": 0.028714895
    },
    "2161200": {
        "case_points": 0.0,
        "case_total": 100.0,
        "date": "2020-06-20T16:48:42+00:00",
        "language": "BF",
        "memory": 712.0,
        "problem": "cccjqrp5",
        "result": "RTE",
        "status": "D",
        "time": 0.001828509
    },
    "2161258": {
        "case_points": 1000000.0,
        "case_total": 1000000.0,
        "date": "2020-06-20T17:29:32+00:00",
        "language": "CPP03",
        "memory": 1688.0,
        "problem": "acc4p2",
        "result": "AC",
        "status": "D",
        "time": 0.095719374
    },
    "2161259": {
        "case_points": 1000000.0,
        "case_total": 1000000.0,
        "date": "2020-06-20T17:29:53+00:00",
        "language": "CPP03",
        "memory": 1780.0,
        "problem": "acc4p2",
        "result": "AC",
        "status": "D",
        "time": 0.098319598
    },
    "2161271": {
        "case_points": 0.0,
        "case_total": 100000.0,
        "date": "2020-06-20T17:37:11+00:00",
        "language": "CPP11",
        "memory": 1784.0,
        "problem": "csprng",
        "result": "WA",
        "status": "D",
        "time": 0.004399583
    },
    "2161272": {
        "case_points": 0.0,
        "case_total": 100000.0,
        "date": "2020-06-20T17:37:53+00:00",
        "language": "CPP11",
        "memory": 1820.0,
        "problem": "csprng",
        "result": "WA",
        "status": "D",
        "time": 0.007044865
    },
    "2161284": {
        "case_points": 1000000.0,
        "case_total": 1000000.0,
        "date": "2020-06-20T17:42:08+00:00",
        "language": "CPP03",
        "memory": 1688.0,
        "problem": "acc4p4",
        "result": "AC",
        "status": "D",
        "time": 0.457106474
    },
    "2161285": {
        "case_points": 1000000.0,
        "case_total": 1000000.0,
        "date": "2020-06-20T17:43:09+00:00",
        "language": "CPP03",
        "memory": 1772.0,
        "problem": "acc4p4",
        "result": "AC",
        "status": "D",
        "time": 0.247009592
    },
    "2161298": {
        "case_points": 0.0,
        "case_total": 0.0,
        "date": "2020-06-20T17:51:02+00:00",
        "language": "JAVA8",
        "memory": null,
        "problem": "valentines19j3",
        "result": "CE",
        "status": "CE",
        "time": null
    },
    "2161299": {
        "case_points": 3.0,
        "case_total": 10.0,
        "date": "2020-06-20T17:51:22+00:00",
        "language": "CPP11",
        "memory": 1852.0,
        "problem": "valentines19j3",
        "result": "TLE",
        "status": "D",
        "time": 3.024989534
    },
    "2161326": {
        "case_points": 3.0,
        "case_total": 10.0,
        "date": "2020-06-20T18:14:03+00:00",
        "language": "CPP11",
        "memory": 1772.0,
        "problem": "valentines19j3",
        "result": "WA",
        "status": "D",
        "time": 0.341060116
    },
    "2161329": {
        "case_points": 10.0,
        "case_total": 10.0,
        "date": "2020-06-20T18:14:25+00:00",
        "language": "CPP11",
        "memory": 1856.0,
        "problem": "valentines19j3",
        "result": "AC",
        "status": "D",
        "time": 0.209083988
    },
    "2161335": {
        "case_points": 100.0,
        "case_total": 100.0,
        "date": "2020-06-20T18:16:06+00:00",
        "language": "CPP11",
        "memory": 3476.0,
        "problem": "acc4p8",
        "result": "AC",
        "status": "D",
        "time": 0.009278688
    },
    "2163046": {
        "case_points": 0.0,
        "case_total": 512.0,
        "date": "2020-06-21T13:02:59+00:00",
        "language": "CPP11",
        "memory": 1708.0,
        "problem": "tle18p1",
        "result": "WA",
        "status": "D",
        "time": 0.387157478
    },
    "2163047": {
        "case_points": 2.0,
        "case_total": 512.0,
        "date": "2020-06-21T13:03:13+00:00",
        "language": "CPP11",
        "memory": 1848.0,
        "problem": "tle18p1",
        "result": "AC",
        "status": "D",
        "time": 3.836229216
    },
    "2163048": {
        "case_points": 4.0,
        "case_total": 512.0,
        "date": "2020-06-21T13:03:35+00:00",
        "language": "CPP11",
        "memory": 1840.0,
        "problem": "tle18p1",
        "result": "AC",
        "status": "D",
        "time": 3.938952998
    },
    "2163050": {
        "case_points": 0.0,
        "case_total": 512.0,
        "date": "2020-06-21T13:07:00+00:00",
        "language": "CPP11",
        "memory": 1840.0,
        "problem": "tle18p1",
        "result": "WA",
        "status": "D",
        "time": 0.397688367
    },
    "2163051": {
        "case_points": 0.0,
        "case_total": 512.0,
        "date": "2020-06-21T13:07:14+00:00",
        "language": "CPP11",
        "memory": 1840.0,
        "problem": "tle18p1",
        "result": "WA",
        "status": "D",
        "time": 1.57243246
    },
    "2164639": {
        "case_points": 0.0,
        "case_total": 100000.0,
        "date": "2020-06-22T08:41:46+00:00",
        "language": "PY3",
        "memory": 9236.0,
        "problem": "csprng",
        "result": "WA",
        "status": "D",
        "time": 0.018133355
    },
    "2164640": {
        "case_points": 0.0,
        "case_total": 100000.0,
        "date": "2020-06-22T08:42:20+00:00",
        "language": "PY3",
        "memory": 9236.0,
        "problem": "csprng",
        "result": "WA",
        "status": "D",
        "time": 0.017117898
    },
    "2164641": {
        "case_points": 0.0,
        "case_total": 100000.0,
        "date": "2020-06-22T08:42:41+00:00",
        "language": "PY3",
        "memory": 9236.0,
        "problem": "csprng",
        "result": "WA",
        "status": "D",
        "time": 0.017912028
    },
    "2164642": {
        "case_points": 0.0,
        "case_total": 100000.0,
        "date": "2020-06-22T08:44:26+00:00",
        "language": "CPP11",
        "memory": 1784.0,
        "problem": "csprng",
        "result": "WA",
        "status": "D",
        "time": 0.001919091
    },
    "2164643": {
        "case_points": 0.0,
        "case_total": 100000.0,
        "date": "2020-06-22T08:47:11+00:00",
        "language": "PY3",
        "memory": 9236.0,
        "problem": "csprng",
        "result": "WA",
        "status": "D",
        "time": 0.018040497
    },
    "2164644": {
        "case_points": 0.0,
        "case_total": 100000.0,
        "date": "2020-06-22T08:49:56+00:00",
        "language": "PY3",
        "memory": 9236.0,
        "problem": "csprng",
        "result": "WA",
        "status": "D",
        "time": 0.018516001
    },
    "2164645": {
        "case_points": 0.0,
        "case_total": 100000.0,
        "date": "2020-06-22T08:50:26+00:00",
        "language": "PY3",
        "memory": 9236.0,
        "problem": "csprng",
        "result": "WA",
        "status": "D",
        "time": 0.018069713
    },
    "2164646": {
        "case_points": 0.0,
        "case_total": 100000.0,
        "date": "2020-06-22T08:57:08+00:00",
        "language": "TEXT",
        "memory": 1896.0,
        "problem": "csprng",
        "result": "WA",
        "status": "D",
        "time": 0.001305807
    },
    "2166486": {
        "case_points": 0.0,
        "case_total": 100.0,
        "date": "2020-06-23T05:35:40+00:00",
        "language": "PY3",
        "memory": 9372.0,
        "problem": "python2",
        "result": "WA",
        "status": "D",
        "time": 0.066695809
    },
    "2166512": {
        "case_points": 0.0,
        "case_total": 100000.0,
        "date": "2020-06-23T06:13:01+00:00",
        "language": "PY3",
        "memory": 9656.0,
        "problem": "csprng",
        "result": "WA",
        "status": "D",
        "time": 0.038505207
    },
    "2166516": {
        "case_points": 0.0,
        "case_total": 100000.0,
        "date": "2020-06-23T06:15:46+00:00",
        "language": "PY3",
        "memory": 9812.0,
        "problem": "csprng",
        "result": "WA",
        "status": "D",
        "time": 0.043358459
    },
    "2166522": {
        "case_points": 0.0,
        "case_total": 100000.0,
        "date": "2020-06-23T06:22:40+00:00",
        "language": "PY3",
        "memory": 9828.0,
        "problem": "csprng",
        "result": "WA",
        "status": "D",
        "time": 0.042479703
    },
    "2166531": {
        "case_points": 0.0,
        "case_total": 100000.0,
        "date": "2020-06-23T06:34:46+00:00",
        "language": "PY3",
        "memory": 9828.0,
        "problem": "csprng",
        "result": "WA",
        "status": "D",
        "time": 0.041012095
    },
    "2166539": {
        "case_points": 0.0,
        "case_total": 100000.0,
        "date": "2020-06-23T06:51:08+00:00",
        "language": "TEXT",
        "memory": 1896.0,
        "problem": "csprng",
        "result": "WA",
        "status": "D",
        "time": 0.001346022
    },
    "2166540": {
        "case_points": 0.0,
        "case_total": 100000.0,
        "date": "2020-06-23T06:51:50+00:00",
        "language": "TEXT",
        "memory": 1896.0,
        "problem": "csprng",
        "result": "WA",
        "status": "D",
        "time": 0.001748564
    },
    "2166543": {
        "case_points": 0.0,
        "case_total": 100000.0,
        "date": "2020-06-23T06:52:35+00:00",
        "language": "TEXT",
        "memory": 1896.0,
        "problem": "csprng",
        "result": "WA",
        "status": "D",
        "time": 0.001326882
    },
    "2166545": {
        "case_points": 0.0,
        "case_total": 100000.0,
        "date": "2020-06-23T06:54:01+00:00",
        "language": "TEXT",
        "memory": 1896.0,
        "problem": "csprng",
        "result": "WA",
        "status": "D",
        "time": 0.001835293
    },
    "2166551": {
        "case_points": 0.0,
        "case_total": 100000.0,
        "date": "2020-06-23T07:01:16+00:00",
        "language": "TEXT",
        "memory": 1860.0,
        "problem": "csprng",
        "result": "WA",
        "status": "D",
        "time": 0.002113855
    },
    "2166567": {
        "case_points": 34141.0,
        "case_total": 65536.0,
        "date": "2020-06-23T07:59:32+00:00",
        "language": "PYPY3",
        "memory": 63348.0,
        "problem": "compress",
        "result": "WA",
        "status": "D",
        "time": 1.557932232
    },
    "2166570": {
        "case_points": 39440.0,
        "case_total": 65536.0,
        "date": "2020-06-23T08:05:03+00:00",
        "language": "PYPY3",
        "memory": 63332.0,
        "problem": "compress",
        "result": "WA",
        "status": "D",
        "time": 1.557497755
    },
    "2166577": {
        "case_points": 0.0,
        "case_total": 0.0,
        "date": "2020-06-23T08:20:30+00:00",
        "language": "CPP11",
        "memory": null,
        "problem": "compress",
        "result": "CE",
        "status": "CE",
        "time": null
    },
    "2166578": {
        "case_points": 49121.0,
        "case_total": 65536.0,
        "date": "2020-06-23T08:20:38+00:00",
        "language": "PY3",
        "memory": 10212.0,
        "problem": "compress",
        "result": "WA",
        "status": "D",
        "time": 1.742975742
    },
    "2166581": {
        "case_points": 0.0,
        "case_total": 65536.0,
        "date": "2020-06-23T08:23:11+00:00",
        "language": "TEXT",
        "memory": 1884.0,
        "problem": "compress",
        "result": "WA",
        "status": "D",
        "time": 0.001604778
    }
}