{
    "1972059": {
        "case_points": 100.0,
        "case_total": 100.0,
        "date": "2020-03-19T03:29:00+00:00",
        "language": "PYPY3",
        "memory": 58284.0,
        "problem": "16bitswonly",
        "result": "AC",
        "status": "D",
        "time": 0.73556257
    },
    "1972064": {
        "case_points": 0.0,
        "case_total": 50.0,
        "date": "2020-03-19T03:46:58+00:00",
        "language": "PYPY3",
        "memory": 212.0,
        "problem": "ccc00j2",
        "result": "IR",
        "status": "D",
        "time": 0.047037274
    },
    "1972065": {
        "case_points": 50.0,
        "case_total": 50.0,
        "date": "2020-03-19T03:50:18+00:00",
        "language": "PY3",
        "memory": 9180.0,
        "problem": "ccc00j2",
        "result": "AC",
        "status": "D",
        "time": 0.142429248
    },
    "1972066": {
        "case_points": 30.0,
        "case_total": 30.0,
        "date": "2020-03-19T03:55:23+00:00",
        "language": "PYPY3",
        "memory": 56908.0,
        "problem": "ccc01j1",
        "result": "AC",
        "status": "D",
        "time": 0.16759488
    },
    "1972069": {
        "case_points": 40.0,
        "case_total": 100.0,
        "date": "2020-03-19T03:58:22+00:00",
        "language": "PYPY3",
        "memory": 57748.0,
        "problem": "ccc01j2",
        "result": "IR",
        "status": "D",
        "time": 0.291829908
    },
    "1972070": {
        "case_points": 100.0,
        "case_total": 100.0,
        "date": "2020-03-19T04:00:30+00:00",
        "language": "PYPY3",
        "memory": 55672.0,
        "problem": "ccc01j2",
        "result": "AC",
        "status": "D",
        "time": 0.24238728
    },
    "1972078": {
        "case_points": 0.0,
        "case_total": 50.0,
        "date": "2020-03-19T04:13:32+00:00",
        "language": "PYPY3",
        "memory": 212.0,
        "problem": "ccc00j1",
        "result": "IR",
        "status": "D",
        "time": 0.050862704
    },
    "1972079": {
        "case_points": 0.0,
        "case_total": 50.0,
        "date": "2020-03-19T04:13:40+00:00",
        "language": "PY3",
        "memory": 9164.0,
        "problem": "ccc00j1",
        "result": "WA",
        "status": "D",
        "time": 0.12610987
    },
    "1972080": {
        "case_points": 0.0,
        "case_total": 50.0,
        "date": "2020-03-19T04:14:47+00:00",
        "language": "PYPY3",
        "memory": 212.0,
        "problem": "ccc00j1",
        "result": "IR",
        "status": "D",
        "time": 0.049788431
    },
    "1972081": {
        "case_points": 50.0,
        "case_total": 50.0,
        "date": "2020-03-19T04:14:55+00:00",
        "language": "PY3",
        "memory": 9164.0,
        "problem": "ccc00j1",
        "result": "AC",
        "status": "D",
        "time": 0.128526897
    },
    "1972096": {
        "case_points": 100.0,
        "case_total": 100.0,
        "date": "2020-03-19T04:27:50+00:00",
        "language": "PY3",
        "memory": 9128.0,
        "problem": "ccc02j2",
        "result": "AC",
        "status": "D",
        "time": 0.025192977
    },
    "1972102": {
        "case_points": 100.0,
        "case_total": 100.0,
        "date": "2020-03-19T04:34:24+00:00",
        "language": "PY3",
        "memory": 9132.0,
        "problem": "ccc02s2",
        "result": "AC",
        "status": "D",
        "time": 0.12892808
    },
    "1972112": {
        "case_points": 100.0,
        "case_total": 100.0,
        "date": "2020-03-19T04:38:26+00:00",
        "language": "PY3",
        "memory": 9128.0,
        "problem": "ccc03j2",
        "result": "AC",
        "status": "D",
        "time": 0.02720833
    },
    "1972128": {
        "case_points": 50.0,
        "case_total": 50.0,
        "date": "2020-03-19T05:00:20+00:00",
        "language": "PY3",
        "memory": 9136.0,
        "problem": "ccc04j1",
        "result": "AC",
        "status": "D",
        "time": 0.130468194
    },
    "1972139": {
        "case_points": 50.0,
        "case_total": 50.0,
        "date": "2020-03-19T05:26:32+00:00",
        "language": "PY3",
        "memory": 9172.0,
        "problem": "ccc05s2",
        "result": "AC",
        "status": "D",
        "time": 0.124252888
    },
    "1972140": {
        "case_points": 100.0,
        "case_total": 100.0,
        "date": "2020-03-19T05:29:40+00:00",
        "language": "PY3",
        "memory": 9040.0,
        "problem": "pib20p2",
        "result": "AC",
        "status": "D",
        "time": 0.806224743
    },
    "1972144": {
        "case_points": 20.0,
        "case_total": 40.0,
        "date": "2020-03-19T05:38:23+00:00",
        "language": "PY3",
        "memory": 9164.0,
        "problem": "ccc07s1",
        "result": "WA",
        "status": "D",
        "time": 0.104287494
    },
    "1972145": {
        "case_points": 40.0,
        "case_total": 40.0,
        "date": "2020-03-19T05:39:04+00:00",
        "language": "PY3",
        "memory": 9164.0,
        "problem": "ccc07s1",
        "result": "AC",
        "status": "D",
        "time": 0.100896534
    },
    "1972146": {
        "case_points": 40.0,
        "case_total": 50.0,
        "date": "2020-03-19T05:42:10+00:00",
        "language": "PY3",
        "memory": 9144.0,
        "problem": "ccc09s1",
        "result": "WA",
        "status": "D",
        "time": 0.126268144
    },
    "1972147": {
        "case_points": 0.0,
        "case_total": 50.0,
        "date": "2020-03-19T05:42:44+00:00",
        "language": "PY3",
        "memory": 9140.0,
        "problem": "ccc09s1",
        "result": "WA",
        "status": "D",
        "time": 0.125772272
    },
    "1972154": {
        "case_points": 50.0,
        "case_total": 50.0,
        "date": "2020-03-19T05:48:22+00:00",
        "language": "PY3",
        "memory": 9124.0,
        "problem": "ccc09s1",
        "result": "AC",
        "status": "D",
        "time": 0.124685385
    },
    "1972178": {
        "case_points": 100.0,
        "case_total": 100.0,
        "date": "2020-03-19T06:26:58+00:00",
        "language": "PY3",
        "memory": 9696.0,
        "problem": "ccc99s3",
        "result": "AC",
        "status": "D",
        "time": 0.027804554
    },
    "1972187": {
        "case_points": 100.0,
        "case_total": 100.0,
        "date": "2020-03-19T06:34:48+00:00",
        "language": "PY3",
        "memory": 9168.0,
        "problem": "3drotate",
        "result": "AC",
        "status": "D",
        "time": 0.41230563
    },
    "1972189": {
        "case_points": 100.0,
        "case_total": 100.0,
        "date": "2020-03-19T06:39:48+00:00",
        "language": "PY3",
        "memory": 9172.0,
        "problem": "fibonacci",
        "result": "AC",
        "status": "D",
        "time": 0.251112789
    },
    "1972191": {
        "case_points": 25.0,
        "case_total": 100.0,
        "date": "2020-03-19T06:40:50+00:00",
        "language": "PY3",
        "memory": 9516.0,
        "problem": "fibonacci2",
        "result": "TLE",
        "status": "D",
        "time": 30.383072645
    },
    "1972192": {
        "case_points": 100.0,
        "case_total": 100.0,
        "date": "2020-03-19T06:43:38+00:00",
        "language": "PYPY3",
        "memory": 63124.0,
        "problem": "fibonacci2",
        "result": "AC",
        "status": "D",
        "time": 13.468430354
    },
    "1972196": {
        "case_points": 21.0,
        "case_total": 21.0,
        "date": "2020-03-19T06:48:39+00:00",
        "language": "PY3",
        "memory": 9160.0,
        "problem": "si17c1p5",
        "result": "AC",
        "status": "D",
        "time": 0.517384599
    },
    "1972204": {
        "case_points": 0.0,
        "case_total": 100.0,
        "date": "2020-03-19T06:58:41+00:00",
        "language": "PY3",
        "memory": 9156.0,
        "problem": "phantom2",
        "result": "TLE",
        "status": "D",
        "time": 20.165702111
    },
    "1972205": {
        "case_points": 90.0,
        "case_total": 100.0,
        "date": "2020-03-19T06:59:09+00:00",
        "language": "PYPY3",
        "memory": 61480.0,
        "problem": "phantom2",
        "result": "TLE",
        "status": "D",
        "time": 7.610818657
    },
    "1972206": {
        "case_points": 100.0,
        "case_total": 100.0,
        "date": "2020-03-19T07:01:05+00:00",
        "language": "PYPY3",
        "memory": 61120.0,
        "problem": "phantom2",
        "result": "AC",
        "status": "D",
        "time": 5.776339866
    },
    "1972208": {
        "case_points": 5.0,
        "case_total": 100.0,
        "date": "2020-03-19T07:03:03+00:00",
        "language": "PYPY3",
        "memory": 58800.0,
        "problem": "phantom3",
        "result": "TLE",
        "status": "D",
        "time": 38.439061301
    },
    "1972216": {
        "case_points": 5.0,
        "case_total": 100.0,
        "date": "2020-03-19T07:28:19+00:00",
        "language": "PYPY3",
        "memory": 74384.0,
        "problem": "phantom3",
        "result": "MLE",
        "status": "D",
        "time": 10.289928462
    },
    "1972217": {
        "case_points": 0.0,
        "case_total": 100.0,
        "date": "2020-03-19T07:28:48+00:00",
        "language": "PYPY3",
        "memory": 73588.0,
        "problem": "phantom3",
        "result": "MLE",
        "status": "D",
        "time": 10.329258772
    },
    "1972222": {
        "case_points": 0.0,
        "case_total": 100.0,
        "date": "2020-03-19T07:47:09+00:00",
        "language": "PYPY3",
        "memory": 72696.0,
        "problem": "phantom3",
        "result": "TLE",
        "status": "D",
        "time": 22.585194496
    },
    "1972223": {
        "case_points": 0.0,
        "case_total": 100.0,
        "date": "2020-03-19T07:47:32+00:00",
        "language": "PYPY3",
        "memory": 74612.0,
        "problem": "phantom3",
        "result": "MLE",
        "status": "D",
        "time": 10.439072519
    },
    "1972224": {
        "case_points": 5.0,
        "case_total": 100.0,
        "date": "2020-03-19T07:47:51+00:00",
        "language": "PYPY3",
        "memory": 74220.0,
        "problem": "phantom3",
        "result": "MLE",
        "status": "D",
        "time": 10.296085678
    },
    "1972225": {
        "case_points": 100.0,
        "case_total": 100.0,
        "date": "2020-03-19T07:53:22+00:00",
        "language": "PY3",
        "memory": 9144.0,
        "problem": "factorial",
        "result": "AC",
        "status": "D",
        "time": 0.059220159
    },
    "1972226": {
        "case_points": 10.0,
        "case_total": 100.0,
        "date": "2020-03-19T07:54:26+00:00",
        "language": "PYPY3",
        "memory": 64820.0,
        "problem": "factorial2",
        "result": "TLE",
        "status": "D",
        "time": 18.167075115
    },
    "1972227": {
        "case_points": 0.0,
        "case_total": 100.0,
        "date": "2020-03-19T08:04:17+00:00",
        "language": "PY3",
        "memory": 9840.0,
        "problem": "phantomc1",
        "result": "TLE",
        "status": "D",
        "time": 4.085458859
    },
    "1972230": {
        "case_points": 5.0,
        "case_total": 5.0,
        "date": "2020-03-19T08:18:29+00:00",
        "language": "PY3",
        "memory": 9172.0,
        "problem": "ccc04s1",
        "result": "AC",
        "status": "D",
        "time": 0.12471981
    },
    "1972261": {
        "case_points": 30.0,
        "case_total": 30.0,
        "date": "2020-03-19T08:49:18+00:00",
        "language": "PY3",
        "memory": 9164.0,
        "problem": "ccc98s1",
        "result": "AC",
        "status": "D",
        "time": 0.073445752
    },
    "1972303": {
        "case_points": 100.0,
        "case_total": 100.0,
        "date": "2020-03-19T09:07:45+00:00",
        "language": "PY3",
        "memory": 9172.0,
        "problem": "regex2",
        "result": "AC",
        "status": "D",
        "time": 0.098307939
    },
    "1972311": {
        "case_points": 100.0,
        "case_total": 100.0,
        "date": "2020-03-19T09:13:03+00:00",
        "language": "PY3",
        "memory": 9160.0,
        "problem": "ccc11s1",
        "result": "AC",
        "status": "D",
        "time": 0.319807936
    },
    "1972348": {
        "case_points": 100.0,
        "case_total": 100.0,
        "date": "2020-03-19T10:24:32+00:00",
        "language": "PYPY3",
        "memory": 62312.0,
        "problem": "dmopc19c5p3",
        "result": "AC",
        "status": "D",
        "time": 6.085597081
    },
    "1972351": {
        "case_points": 90.0,
        "case_total": 100.0,
        "date": "2020-03-19T10:34:56+00:00",
        "language": "PY3",
        "memory": 9180.0,
        "problem": "tle15p4",
        "result": "IR",
        "status": "D",
        "time": 2.102157108
    },
    "1972352": {
        "case_points": 100.0,
        "case_total": 100.0,
        "date": "2020-03-19T10:36:50+00:00",
        "language": "PY3",
        "memory": 9160.0,
        "problem": "tle15p4",
        "result": "AC",
        "status": "D",
        "time": 2.501048237
    },
    "1972356": {
        "case_points": 2.0,
        "case_total": 15.0,
        "date": "2020-03-19T10:47:36+00:00",
        "language": "PYPY3",
        "memory": 63800.0,
        "problem": "raytracing",
        "result": "TLE",
        "status": "D",
        "time": 10.438846586
    },
    "1972357": {
        "case_points": 0.0,
        "case_total": 15.0,
        "date": "2020-03-19T10:48:00+00:00",
        "language": "PYPY",
        "memory": 55384.0,
        "problem": "raytracing",
        "result": "IR",
        "status": "D",
        "time": 0.075493762
    },
    "1972359": {
        "case_points": 2.0,
        "case_total": 15.0,
        "date": "2020-03-19T10:53:11+00:00",
        "language": "PYPY",
        "memory": 71068.0,
        "problem": "raytracing",
        "result": "TLE",
        "status": "D",
        "time": 10.30320822
    },
    "1972366": {
        "case_points": 0.0,
        "case_total": 16.0,
        "date": "2020-03-19T11:08:19+00:00",
        "language": "PY3",
        "memory": 9280.0,
        "problem": "ccc19s3",
        "result": "WA",
        "status": "D",
        "time": 0.174147267
    },
    "1972367": {
        "case_points": 0.0,
        "case_total": 16.0,
        "date": "2020-03-19T11:08:57+00:00",
        "language": "PY3",
        "memory": 9288.0,
        "problem": "ccc19s3",
        "result": "WA",
        "status": "D",
        "time": 0.174555197
    },
    "1972371": {
        "case_points": 0.0,
        "case_total": 16.0,
        "date": "2020-03-19T11:34:49+00:00",
        "language": "PY3",
        "memory": 11760.0,
        "problem": "ccc19s3",
        "result": "TLE",
        "status": "D",
        "time": 6.367633812
    },
    "1972372": {
        "case_points": 9.0,
        "case_total": 16.0,
        "date": "2020-03-19T11:38:03+00:00",
        "language": "PY3",
        "memory": 11740.0,
        "problem": "ccc19s3",
        "result": "IR",
        "status": "D",
        "time": 3.210910107
    },
    "1972373": {
        "case_points": 13.0,
        "case_total": 16.0,
        "date": "2020-03-19T11:39:58+00:00",
        "language": "PY3",
        "memory": 11760.0,
        "problem": "ccc19s3",
        "result": "TLE",
        "status": "D",
        "time": 3.308348832
    },
    "1972375": {
        "case_points": 16.0,
        "case_total": 16.0,
        "date": "2020-03-19T11:46:50+00:00",
        "language": "PY3",
        "memory": 12256.0,
        "problem": "ccc19s3",
        "result": "AC",
        "status": "D",
        "time": 2.372135988
    },
    "1972376": {
        "case_points": 7.0,
        "case_total": 100.0,
        "date": "2020-03-19T12:02:07+00:00",
        "language": "PY3",
        "memory": 50312.0,
        "problem": "pib20p5",
        "result": "TLE",
        "status": "D",
        "time": 0.95443238
    },
    "1972377": {
        "case_points": 100.0,
        "case_total": 100.0,
        "date": "2020-03-19T12:02:18+00:00",
        "language": "PYPY3",
        "memory": 73868.0,
        "problem": "pib20p5",
        "result": "AC",
        "status": "D",
        "time": 6.39003779
    },
    "1972378": {
        "case_points": 100.0,
        "case_total": 100.0,
        "date": "2020-03-19T12:02:48+00:00",
        "language": "PYPY3",
        "memory": 73896.0,
        "problem": "pib20p5",
        "result": "AC",
        "status": "D",
        "time": 6.312366086
    },
    "1972379": {
        "case_points": 100.0,
        "case_total": 100.0,
        "date": "2020-03-19T12:10:37+00:00",
        "language": "PY3",
        "memory": 9196.0,
        "problem": "dmpg15b6",
        "result": "AC",
        "status": "D",
        "time": 1.054199272
    },
    "1973717": {
        "case_points": 5.0,
        "case_total": 45.0,
        "date": "2020-03-20T01:34:37+00:00",
        "language": "PY3",
        "memory": 22584.0,
        "problem": "dmopc14c1p5",
        "result": "TLE",
        "status": "D",
        "time": 11.657106797
    },
    "1973719": {
        "case_points": 5.0,
        "case_total": 45.0,
        "date": "2020-03-20T01:34:58+00:00",
        "language": "PYPY3",
        "memory": 102864.0,
        "problem": "dmopc14c1p5",
        "result": "TLE",
        "status": "D",
        "time": 9.483269253
    },
    "1973729": {
        "case_points": 0.0,
        "case_total": 45.0,
        "date": "2020-03-20T01:37:20+00:00",
        "language": "PY3",
        "memory": 24396.0,
        "problem": "dmopc14c1p5",
        "result": "TLE",
        "status": "D",
        "time": 13.559291463
    },
    "1973765": {
        "case_points": 10.0,
        "case_total": 45.0,
        "date": "2020-03-20T01:46:39+00:00",
        "language": "PY3",
        "memory": 23172.0,
        "problem": "dmopc14c1p5",
        "result": "TLE",
        "status": "D",
        "time": 21.246483924
    },
    "1973767": {
        "case_points": 10.0,
        "case_total": 45.0,
        "date": "2020-03-20T01:47:09+00:00",
        "language": "PYPY3",
        "memory": 117596.0,
        "problem": "dmopc14c1p5",
        "result": "TLE",
        "status": "D",
        "time": 21.290079268
    },
    "1973781": {
        "case_points": 10.0,
        "case_total": 45.0,
        "date": "2020-03-20T01:50:28+00:00",
        "language": "PYPY3",
        "memory": 127628.0,
        "problem": "dmopc14c1p5",
        "result": "TLE",
        "status": "D",
        "time": 21.28229808
    },
    "1973850": {
        "case_points": 40.0,
        "case_total": 45.0,
        "date": "2020-03-20T02:02:59+00:00",
        "language": "PYPY3",
        "memory": 100848.0,
        "problem": "dmopc14c1p5",
        "result": "TLE",
        "status": "D",
        "time": 11.353221403
    },
    "1973860": {
        "case_points": 40.0,
        "case_total": 45.0,
        "date": "2020-03-20T02:05:21+00:00",
        "language": "PYPY",
        "memory": 105264.0,
        "problem": "dmopc14c1p5",
        "result": "TLE",
        "status": "D",
        "time": 11.091229906
    },
    "1973932": {
        "case_points": 0.0,
        "case_total": 45.0,
        "date": "2020-03-20T02:19:42+00:00",
        "language": "PY3",
        "memory": 9200.0,
        "problem": "dmopc14c1p5",
        "result": "IR",
        "status": "D",
        "time": 0.235040294
    },
    "1973934": {
        "case_points": 20.0,
        "case_total": 45.0,
        "date": "2020-03-20T02:19:52+00:00",
        "language": "PYPY",
        "memory": 108428.0,
        "problem": "dmopc14c1p5",
        "result": "TLE",
        "status": "D",
        "time": 14.854451652
    },
    "1973955": {
        "case_points": 40.0,
        "case_total": 45.0,
        "date": "2020-03-20T02:23:24+00:00",
        "language": "PYPY",
        "memory": 105800.0,
        "problem": "dmopc14c1p5",
        "result": "TLE",
        "status": "D",
        "time": 10.715451337
    },
    "1973962": {
        "case_points": 0.0,
        "case_total": 45.0,
        "date": "2020-03-20T02:25:21+00:00",
        "language": "PYPY3",
        "memory": 58056.0,
        "problem": "dmopc14c1p5",
        "result": "IR",
        "status": "D",
        "time": 0.537170137
    },
    "1973988": {
        "case_points": 45.0,
        "case_total": 45.0,
        "date": "2020-03-20T02:31:49+00:00",
        "language": "PYPY",
        "memory": 126104.0,
        "problem": "dmopc14c1p5",
        "result": "AC",
        "status": "D",
        "time": 2.264986453
    },
    "1973994": {
        "case_points": 45.0,
        "case_total": 45.0,
        "date": "2020-03-20T02:33:35+00:00",
        "language": "PYPY3",
        "memory": 119636.0,
        "problem": "dmopc14c1p5",
        "result": "AC",
        "status": "D",
        "time": 2.864561278
    },
    "1974008": {
        "case_points": 0.0,
        "case_total": 10.0,
        "date": "2020-03-20T02:41:13+00:00",
        "language": "PYPY3",
        "memory": 212.0,
        "problem": "ccc96s5",
        "result": "IR",
        "status": "D",
        "time": 0.008570615
    },
    "1974010": {
        "case_points": 10.0,
        "case_total": 10.0,
        "date": "2020-03-20T02:42:17+00:00",
        "language": "PY3",
        "memory": 9192.0,
        "problem": "ccc96s5",
        "result": "AC",
        "status": "D",
        "time": 0.024947674
    },
    "1974048": {
        "case_points": 20.0,
        "case_total": 50.0,
        "date": "2020-03-20T03:12:15+00:00",
        "language": "PY3",
        "memory": 9176.0,
        "problem": "ccc11s3",
        "result": "WA",
        "status": "D",
        "time": 0.120127384
    },
    "1974074": {
        "case_points": 50.0,
        "case_total": 50.0,
        "date": "2020-03-20T03:21:36+00:00",
        "language": "PY3",
        "memory": 9184.0,
        "problem": "ccc11s3",
        "result": "AC",
        "status": "D",
        "time": 0.116268617
    },
    "1974120": {
        "case_points": 30.0,
        "case_total": 50.0,
        "date": "2020-03-20T03:47:56+00:00",
        "language": "PY3",
        "memory": 9184.0,
        "problem": "ccc01s2",
        "result": "WA",
        "status": "D",
        "time": 0.120563829
    },
    "1974122": {
        "case_points": 50.0,
        "case_total": 50.0,
        "date": "2020-03-20T03:48:43+00:00",
        "language": "PY3",
        "memory": 8916.0,
        "problem": "ccc01s2",
        "result": "AC",
        "status": "D",
        "time": 0.126590783
    },
    "1974133": {
        "case_points": 90.0,
        "case_total": 99.0,
        "date": "2020-03-20T03:56:46+00:00",
        "language": "PY3",
        "memory": 8912.0,
        "problem": "ccc01s2exact",
        "result": "WA",
        "status": "D",
        "time": 2.887677329
    },
    "1974137": {
        "case_points": 48.0,
        "case_total": 99.0,
        "date": "2020-03-20T04:00:30+00:00",
        "language": "PY3",
        "memory": 8912.0,
        "problem": "ccc01s2exact",
        "result": "WA",
        "status": "D",
        "time": 2.793641602
    },
    "1974167": {
        "case_points": 99.0,
        "case_total": 99.0,
        "date": "2020-03-20T04:07:27+00:00",
        "language": "PY3",
        "memory": 9364.0,
        "problem": "ccc01s2exact",
        "result": "AC",
        "status": "D",
        "time": 2.935549879
    },
    "2042631": {
        "case_points": 384.0,
        "case_total": 500.0,
        "date": "2020-04-19T22:09:14+00:00",
        "language": "PYPY3",
        "memory": 62888.0,
        "problem": "det",
        "result": "TLE",
        "status": "D",
        "time": 18.596481179
    },
    "2042638": {
        "case_points": 392.0,
        "case_total": 500.0,
        "date": "2020-04-19T22:10:47+00:00",
        "language": "PYPY",
        "memory": 68876.0,
        "problem": "det",
        "result": "TLE",
        "status": "D",
        "time": 14.959656128
    },
    "2042659": {
        "case_points": 392.0,
        "case_total": 500.0,
        "date": "2020-04-19T22:15:34+00:00",
        "language": "PYPY",
        "memory": 69844.0,
        "problem": "det",
        "result": "TLE",
        "status": "D",
        "time": 14.792243097
    },
    "2042661": {
        "case_points": 384.0,
        "case_total": 500.0,
        "date": "2020-04-19T22:16:36+00:00",
        "language": "PYPY3",
        "memory": 62920.0,
        "problem": "det",
        "result": "TLE",
        "status": "D",
        "time": 18.610834558
    },
    "2042673": {
        "case_points": 396.0,
        "case_total": 500.0,
        "date": "2020-04-19T22:20:22+00:00",
        "language": "PYPY3",
        "memory": 66380.0,
        "problem": "det",
        "result": "TLE",
        "status": "D",
        "time": 15.963095133
    },
    "2042682": {
        "case_points": 424.0,
        "case_total": 500.0,
        "date": "2020-04-19T22:21:33+00:00",
        "language": "PYPY",
        "memory": 71564.0,
        "problem": "det",
        "result": "TLE",
        "status": "D",
        "time": 10.043470396
    },
    "2042692": {
        "case_points": 424.0,
        "case_total": 500.0,
        "date": "2020-04-19T22:24:05+00:00",
        "language": "PYPY",
        "memory": 70300.0,
        "problem": "det",
        "result": "TLE",
        "status": "D",
        "time": 10.062694873
    },
    "2042715": {
        "case_points": 424.0,
        "case_total": 500.0,
        "date": "2020-04-19T22:29:27+00:00",
        "language": "PYPY",
        "memory": 82892.0,
        "problem": "det",
        "result": "TLE",
        "status": "D",
        "time": 10.34722933
    },
    "2042723": {
        "case_points": 421.0,
        "case_total": 500.0,
        "date": "2020-04-19T22:32:05+00:00",
        "language": "PYPY",
        "memory": 83140.0,
        "problem": "det",
        "result": "TLE",
        "status": "D",
        "time": 10.289653522
    },
    "2042732": {
        "case_points": 421.0,
        "case_total": 500.0,
        "date": "2020-04-19T22:34:05+00:00",
        "language": "PYPY",
        "memory": 84332.0,
        "problem": "det",
        "result": "TLE",
        "status": "D",
        "time": 10.005903414
    },
    "2042739": {
        "case_points": 417.0,
        "case_total": 500.0,
        "date": "2020-04-19T22:36:28+00:00",
        "language": "PYPY",
        "memory": 82640.0,
        "problem": "det",
        "result": "TLE",
        "status": "D",
        "time": 10.28581615
    },
    "2042744": {
        "case_points": 333.0,
        "case_total": 500.0,
        "date": "2020-04-19T22:38:02+00:00",
        "language": "PYPY",
        "memory": 157064.0,
        "problem": "det",
        "result": "TLE",
        "status": "D",
        "time": 36.874562192
    },
    "2042752": {
        "case_points": 421.0,
        "case_total": 500.0,
        "date": "2020-04-19T22:39:11+00:00",
        "language": "PYPY",
        "memory": 82664.0,
        "problem": "det",
        "result": "TLE",
        "status": "D",
        "time": 10.399784077
    },
    "2042766": {
        "case_points": 417.0,
        "case_total": 500.0,
        "date": "2020-04-19T22:41:39+00:00",
        "language": "PYPY",
        "memory": 82720.0,
        "problem": "det",
        "result": "TLE",
        "status": "D",
        "time": 10.814379328
    },
    "2042769": {
        "case_points": 417.0,
        "case_total": 500.0,
        "date": "2020-04-19T22:42:36+00:00",
        "language": "PYPY",
        "memory": 82520.0,
        "problem": "det",
        "result": "TLE",
        "status": "D",
        "time": 10.43685324
    },
    "2042773": {
        "case_points": 417.0,
        "case_total": 500.0,
        "date": "2020-04-19T22:43:12+00:00",
        "language": "PYPY",
        "memory": 82520.0,
        "problem": "det",
        "result": "TLE",
        "status": "D",
        "time": 10.6201597
    },
    "2042778": {
        "case_points": 421.0,
        "case_total": 500.0,
        "date": "2020-04-19T22:44:17+00:00",
        "language": "PYPY",
        "memory": 82180.0,
        "problem": "det",
        "result": "TLE",
        "status": "D",
        "time": 10.288936231
    },
    "2042783": {
        "case_points": 330.0,
        "case_total": 500.0,
        "date": "2020-04-19T22:45:17+00:00",
        "language": "PYPY",
        "memory": 125912.0,
        "problem": "det",
        "result": "TLE",
        "status": "D",
        "time": 38.304483694
    },
    "2042795": {
        "case_points": 417.0,
        "case_total": 500.0,
        "date": "2020-04-19T22:46:58+00:00",
        "language": "PYPY",
        "memory": 82608.0,
        "problem": "det",
        "result": "TLE",
        "status": "D",
        "time": 10.785261109
    },
    "2042806": {
        "case_points": 0.0,
        "case_total": 500.0,
        "date": "2020-04-19T22:48:00+00:00",
        "language": "PYPY",
        "memory": 82616.0,
        "problem": "det",
        "result": "IR",
        "status": "D",
        "time": 11.822040294
    },
    "2042808": {
        "case_points": 0.0,
        "case_total": 500.0,
        "date": "2020-04-19T22:48:34+00:00",
        "language": "PYPY",
        "memory": 82632.0,
        "problem": "det",
        "result": "IR",
        "status": "D",
        "time": 11.373422367
    },
    "2042813": {
        "case_points": 0.0,
        "case_total": 500.0,
        "date": "2020-04-19T22:49:10+00:00",
        "language": "PYPY",
        "memory": 82604.0,
        "problem": "det",
        "result": "IR",
        "status": "D",
        "time": 11.436850723
    },
    "2042834": {
        "case_points": 420.0,
        "case_total": 500.0,
        "date": "2020-04-19T22:52:46+00:00",
        "language": "PYPY",
        "memory": 82896.0,
        "problem": "det",
        "result": "TLE",
        "status": "D",
        "time": 10.531029767
    },
    "2042856": {
        "case_points": 420.0,
        "case_total": 500.0,
        "date": "2020-04-19T22:56:07+00:00",
        "language": "PYPY",
        "memory": 82752.0,
        "problem": "det",
        "result": "TLE",
        "status": "D",
        "time": 10.540666211
    },
    "2042891": {
        "case_points": 500.0,
        "case_total": 500.0,
        "date": "2020-04-19T23:02:44+00:00",
        "language": "PYPY",
        "memory": 68760.0,
        "problem": "det",
        "result": "AC",
        "status": "D",
        "time": 7.938748585
    },
    "2042901": {
        "case_points": 494.0,
        "case_total": 500.0,
        "date": "2020-04-19T23:04:13+00:00",
        "language": "PYPY",
        "memory": 69180.0,
        "problem": "det",
        "result": "TLE",
        "status": "D",
        "time": 7.998987439
    },
    "2042907": {
        "case_points": 436.0,
        "case_total": 500.0,
        "date": "2020-04-19T23:05:01+00:00",
        "language": "PYPY3",
        "memory": 62764.0,
        "problem": "det",
        "result": "TLE",
        "status": "D",
        "time": 12.634782077
    },
    "2042926": {
        "case_points": 500.0,
        "case_total": 500.0,
        "date": "2020-04-19T23:07:57+00:00",
        "language": "PYPY",
        "memory": 68740.0,
        "problem": "det",
        "result": "AC",
        "status": "D",
        "time": 7.726637003
    },
    "2042943": {
        "case_points": 0.0,
        "case_total": 500.0,
        "date": "2020-04-19T23:16:38+00:00",
        "language": "PYPY",
        "memory": 67164.0,
        "problem": "det",
        "result": "WA",
        "status": "D",
        "time": 5.072805835
    },
    "2042948": {
        "case_points": 0.0,
        "case_total": 500.0,
        "date": "2020-04-19T23:18:43+00:00",
        "language": "PYPY",
        "memory": 69080.0,
        "problem": "det",
        "result": "WA",
        "status": "D",
        "time": 5.141302634
    },
    "2043012": {
        "case_points": 330.0,
        "case_total": 500.0,
        "date": "2020-04-19T23:52:08+00:00",
        "language": "PY2",
        "memory": 15608.0,
        "problem": "det",
        "result": "TLE",
        "status": "D",
        "time": 37.623630368
    },
    "2043317": {
        "case_points": 200.0,
        "case_total": 200.0,
        "date": "2020-04-20T02:43:19+00:00",
        "language": "CPP11",
        "memory": 137708.0,
        "problem": "atimesb",
        "result": "AC",
        "status": "D",
        "time": 2.201794398
    },
    "2043578": {
        "case_points": 0.0,
        "case_total": 100.0,
        "date": "2020-04-20T12:20:06+00:00",
        "language": "CPP11",
        "memory": 1708.0,
        "problem": "wac2p4",
        "result": "WA",
        "status": "D",
        "time": 0.008993147
    },
    "2043579": {
        "case_points": 0.0,
        "case_total": 100.0,
        "date": "2020-04-20T12:21:42+00:00",
        "language": "CPP11",
        "memory": 1708.0,
        "problem": "wac2p4",
        "result": "WA",
        "status": "D",
        "time": 0.009137098
    },
    "2043581": {
        "case_points": 0.0,
        "case_total": 100.0,
        "date": "2020-04-20T12:34:14+00:00",
        "language": "CPP14",
        "memory": 1704.0,
        "problem": "wac2p4",
        "result": "WA",
        "status": "D",
        "time": 0.01954946
    },
    "2043583": {
        "case_points": 100.0,
        "case_total": 100.0,
        "date": "2020-04-20T12:38:21+00:00",
        "language": "CPP14",
        "memory": 1704.0,
        "problem": "wac2p4",
        "result": "AC",
        "status": "D",
        "time": 15.646330951
    },
    "2043584": {
        "case_points": 100.0,
        "case_total": 100.0,
        "date": "2020-04-20T12:39:20+00:00",
        "language": "CPP14",
        "memory": 1632.0,
        "problem": "wac2p4",
        "result": "AC",
        "status": "D",
        "time": 11.195797756
    },
    "2043585": {
        "case_points": 100.0,
        "case_total": 100.0,
        "date": "2020-04-20T12:40:50+00:00",
        "language": "CPP14",
        "memory": 1632.0,
        "problem": "wac2p4",
        "result": "AC",
        "status": "D",
        "time": 4.092503713
    },
    "2043586": {
        "case_points": 100.0,
        "case_total": 100.0,
        "date": "2020-04-20T12:41:11+00:00",
        "language": "CPP14",
        "memory": 1704.0,
        "problem": "wac2p4",
        "result": "AC",
        "status": "D",
        "time": 2.632256252
    },
    "2043588": {
        "case_points": 100.0,
        "case_total": 100.0,
        "date": "2020-04-20T12:41:44+00:00",
        "language": "CPP14",
        "memory": 1632.0,
        "problem": "wac2p4",
        "result": "AC",
        "status": "D",
        "time": 2.193815284
    },
    "2043590": {
        "case_points": 0.0,
        "case_total": 100.0,
        "date": "2020-04-20T12:42:04+00:00",
        "language": "CPP14",
        "memory": 1632.0,
        "problem": "wac2p4",
        "result": "WA",
        "status": "D",
        "time": 0.030210486
    },
    "2043591": {
        "case_points": 0.0,
        "case_total": 100.0,
        "date": "2020-04-20T12:42:18+00:00",
        "language": "CPP14",
        "memory": 1632.0,
        "problem": "wac2p4",
        "result": "WA",
        "status": "D",
        "time": 0.02874161
    },
    "2043593": {
        "case_points": 100.0,
        "case_total": 100.0,
        "date": "2020-04-20T12:42:28+00:00",
        "language": "CPP14",
        "memory": 1632.0,
        "problem": "wac2p4",
        "result": "AC",
        "status": "D",
        "time": 2.035822
    },
    "2043594": {
        "case_points": 0.0,
        "case_total": 100.0,
        "date": "2020-04-20T12:42:45+00:00",
        "language": "CPP14",
        "memory": 1704.0,
        "problem": "wac2p4",
        "result": "WA",
        "status": "D",
        "time": 0.033458111
    },
    "2043595": {
        "case_points": 100.0,
        "case_total": 100.0,
        "date": "2020-04-20T12:42:54+00:00",
        "language": "CPP14",
        "memory": 1704.0,
        "problem": "wac2p4",
        "result": "AC",
        "status": "D",
        "time": 2.220937046
    },
    "2043597": {
        "case_points": 100.0,
        "case_total": 100.0,
        "date": "2020-04-20T12:43:12+00:00",
        "language": "CPP14",
        "memory": 1632.0,
        "problem": "wac2p4",
        "result": "AC",
        "status": "D",
        "time": 1.931849271
    },
    "2043598": {
        "case_points": 100.0,
        "case_total": 100.0,
        "date": "2020-04-20T12:43:26+00:00",
        "language": "CPP14",
        "memory": 1632.0,
        "problem": "wac2p4",
        "result": "AC",
        "status": "D",
        "time": 1.854697518
    },
    "2043599": {
        "case_points": 0.0,
        "case_total": 100.0,
        "date": "2020-04-20T12:43:42+00:00",
        "language": "CPP14",
        "memory": 1704.0,
        "problem": "wac2p4",
        "result": "WA",
        "status": "D",
        "time": 0.030645868
    },
    "2043600": {
        "case_points": 100.0,
        "case_total": 100.0,
        "date": "2020-04-20T12:43:56+00:00",
        "language": "CLANGX",
        "memory": 1668.0,
        "problem": "wac2p4",
        "result": "AC",
        "status": "D",
        "time": 1.84817937
    },
    "2043760": {
        "case_points": 100.0,
        "case_total": 100.0,
        "date": "2020-04-20T15:29:15+00:00",
        "language": "CPP11",
        "memory": 1632.0,
        "problem": "utso15p6",
        "result": "AC",
        "status": "D",
        "time": 0.427732341
    },
    "2043771": {
        "case_points": 15.0,
        "case_total": 15.0,
        "date": "2020-04-20T15:46:39+00:00",
        "language": "CPP11",
        "memory": 1664.0,
        "problem": "raytracing",
        "result": "AC",
        "status": "D",
        "time": 59.103846448
    },
    "2043772": {
        "case_points": 15.0,
        "case_total": 15.0,
        "date": "2020-04-20T15:48:15+00:00",
        "language": "CPP11",
        "memory": 1668.0,
        "problem": "raytracing",
        "result": "AC",
        "status": "D",
        "time": 31.194883868
    },
    "2043776": {
        "case_points": 15.0,
        "case_total": 15.0,
        "date": "2020-04-20T15:52:45+00:00",
        "language": "CPP11",
        "memory": 1676.0,
        "problem": "raytracing",
        "result": "AC",
        "status": "D",
        "time": 14.682324111
    },
    "2043780": {
        "case_points": 15.0,
        "case_total": 15.0,
        "date": "2020-04-20T15:54:47+00:00",
        "language": "CPP11",
        "memory": 1664.0,
        "problem": "raytracing",
        "result": "AC",
        "status": "D",
        "time": 8.281203035
    },
    "2043786": {
        "case_points": 15.0,
        "case_total": 15.0,
        "date": "2020-04-20T15:57:54+00:00",
        "language": "CPP11",
        "memory": 1664.0,
        "problem": "raytracing",
        "result": "AC",
        "status": "D",
        "time": 8.179741778
    },
    "2043788": {
        "case_points": 15.0,
        "case_total": 15.0,
        "date": "2020-04-20T15:58:45+00:00",
        "language": "CLANGX",
        "memory": 1680.0,
        "problem": "raytracing",
        "result": "AC",
        "status": "D",
        "time": 7.428434996
    },
    "2045472": {
        "case_points": 30.0,
        "case_total": 100.0,
        "date": "2020-04-21T04:21:25+00:00",
        "language": "CPP11",
        "memory": 1664.0,
        "problem": "cco09p1",
        "result": "WA",
        "status": "D",
        "time": 0.113639246
    },
    "2045496": {
        "case_points": 100.0,
        "case_total": 100.0,
        "date": "2020-04-21T05:04:04+00:00",
        "language": "CPP11",
        "memory": 1668.0,
        "problem": "cco09p1",
        "result": "AC",
        "status": "D",
        "time": 0.169817437
    },
    "2045545": {
        "case_points": 40.0,
        "case_total": 100.0,
        "date": "2020-04-21T06:57:29+00:00",
        "language": "CPP11",
        "memory": 1664.0,
        "problem": "inaho9",
        "result": "WA",
        "status": "D",
        "time": 0.287039286
    },
    "2045546": {
        "case_points": 100.0,
        "case_total": 100.0,
        "date": "2020-04-21T07:10:12+00:00",
        "language": "CPP11",
        "memory": 1572.0,
        "problem": "inaho9",
        "result": "AC",
        "status": "D",
        "time": 7.769476303
    },
    "2045548": {
        "case_points": 485.0,
        "case_total": 485.0,
        "date": "2020-04-21T07:48:09+00:00",
        "language": "CPP11",
        "memory": 3420.0,
        "problem": "aplusb2",
        "result": "AC",
        "status": "D",
        "time": 0.130866229
    },
    "2045550": {
        "case_points": 30.0,
        "case_total": 200.0,
        "date": "2020-04-21T08:00:23+00:00",
        "language": "CPP11",
        "memory": 3444.0,
        "problem": "bf3hard",
        "result": "TLE",
        "status": "D",
        "time": 33.023660939
    },
    "2045551": {
        "case_points": 40.0,
        "case_total": 200.0,
        "date": "2020-04-21T08:03:57+00:00",
        "language": "CPP11",
        "memory": 3616.0,
        "problem": "bf3hard",
        "result": "TLE",
        "status": "D",
        "time": 33.00988951
    },
    "2045552": {
        "case_points": 140.0,
        "case_total": 200.0,
        "date": "2020-04-21T08:04:56+00:00",
        "language": "CPP11",
        "memory": 3596.0,
        "problem": "bf3hard",
        "result": "WA",
        "status": "D",
        "time": 3.438280873
    },
    "2045553": {
        "case_points": 40.0,
        "case_total": 200.0,
        "date": "2020-04-21T08:05:44+00:00",
        "language": "CPP11",
        "memory": 3592.0,
        "problem": "bf3hard",
        "result": "TLE",
        "status": "D",
        "time": 33.057778583
    },
    "2045554": {
        "case_points": 40.0,
        "case_total": 200.0,
        "date": "2020-04-21T08:09:43+00:00",
        "language": "CPP11",
        "memory": 3608.0,
        "problem": "bf3hard",
        "result": "TLE",
        "status": "D",
        "time": 33.030531795
    },
    "2045555": {
        "case_points": 40.0,
        "case_total": 200.0,
        "date": "2020-04-21T08:10:37+00:00",
        "language": "CLANGX",
        "memory": 3500.0,
        "problem": "bf3hard",
        "result": "TLE",
        "status": "D",
        "time": 33.067482327
    },
    "2045557": {
        "case_points": 190.0,
        "case_total": 200.0,
        "date": "2020-04-21T08:19:57+00:00",
        "language": "CPP11",
        "memory": 3600.0,
        "problem": "bf3hard",
        "result": "WA",
        "status": "D",
        "time": 3.565436456
    },
    "2045558": {
        "case_points": 200.0,
        "case_total": 200.0,
        "date": "2020-04-21T08:20:11+00:00",
        "language": "CPP11",
        "memory": 3600.0,
        "problem": "bf3hard",
        "result": "AC",
        "status": "D",
        "time": 3.562331486
    },
    "2045559": {
        "case_points": 95.0,
        "case_total": 100.0,
        "date": "2020-04-21T08:37:57+00:00",
        "language": "CPP11",
        "memory": 3604.0,
        "problem": "phantom3",
        "result": "WA",
        "status": "D",
        "time": 4.322202602
    },
    "2045560": {
        "case_points": 100.0,
        "case_total": 100.0,
        "date": "2020-04-21T08:39:44+00:00",
        "language": "CPP11",
        "memory": 3600.0,
        "problem": "phantom3",
        "result": "AC",
        "status": "D",
        "time": 4.313384402
    },
    "2045561": {
        "case_points": 0.0,
        "case_total": 512.0,
        "date": "2020-04-21T09:46:00+00:00",
        "language": "CPP11",
        "memory": 1724.0,
        "problem": "tle18p1",
        "result": "WA",
        "status": "D",
        "time": 0.388034232
    },
    "2045569": {
        "case_points": 0.0,
        "case_total": 512.0,
        "date": "2020-04-21T11:00:31+00:00",
        "language": "CPP11",
        "memory": 1724.0,
        "problem": "tle18p1",
        "result": "WA",
        "status": "D",
        "time": 0.389903452
    },
    "2045570": {
        "case_points": 0.0,
        "case_total": 512.0,
        "date": "2020-04-21T11:05:34+00:00",
        "language": "CPP11",
        "memory": 1724.0,
        "problem": "tle18p1",
        "result": "WA",
        "status": "D",
        "time": 0.389657703
    },
    "2045572": {
        "case_points": 0.0,
        "case_total": 512.0,
        "date": "2020-04-21T11:07:39+00:00",
        "language": "CPP11",
        "memory": 1736.0,
        "problem": "tle18p1",
        "result": "WA",
        "status": "D",
        "time": 0.387135081
    },
    "2045574": {
        "case_points": 0.0,
        "case_total": 512.0,
        "date": "2020-04-21T11:14:17+00:00",
        "language": "CPP11",
        "memory": 1724.0,
        "problem": "tle18p1",
        "result": "WA",
        "status": "D",
        "time": 0.389684802
    },
    "2045578": {
        "case_points": 0.0,
        "case_total": 512.0,
        "date": "2020-04-21T11:32:41+00:00",
        "language": "CPP11",
        "memory": 1724.0,
        "problem": "tle18p1",
        "result": "OLE",
        "status": "D",
        "time": 0.251781133
    },
    "2045579": {
        "case_points": 0.0,
        "case_total": 512.0,
        "date": "2020-04-21T11:33:18+00:00",
        "language": "CPP11",
        "memory": 1728.0,
        "problem": "tle18p1",
        "result": "OLE",
        "status": "D",
        "time": 0.249340475
    },
    "2045580": {
        "case_points": 0.0,
        "case_total": 512.0,
        "date": "2020-04-21T11:33:37+00:00",
        "language": "CPP11",
        "memory": 1728.0,
        "problem": "tle18p1",
        "result": "WA",
        "status": "D",
        "time": 0.390347755
    },
    "2045582": {
        "case_points": 0.0,
        "case_total": 512.0,
        "date": "2020-04-21T11:40:39+00:00",
        "language": "CPP11",
        "memory": 1728.0,
        "problem": "tle18p1",
        "result": "WA",
        "status": "D",
        "time": 0.386283317
    },
    "2045583": {
        "case_points": 0.0,
        "case_total": 512.0,
        "date": "2020-04-21T11:41:11+00:00",
        "language": "CPP11",
        "memory": 1736.0,
        "problem": "tle18p1",
        "result": "WA",
        "status": "D",
        "time": 0.386962195
    },
    "2045584": {
        "case_points": 0.0,
        "case_total": 512.0,
        "date": "2020-04-21T11:41:38+00:00",
        "language": "CPP11",
        "memory": 1736.0,
        "problem": "tle18p1",
        "result": "WA",
        "status": "D",
        "time": 0.38836323
    },
    "2045593": {
        "case_points": 5.0,
        "case_total": 100.0,
        "date": "2020-04-21T12:03:56+00:00",
        "language": "CPP11",
        "memory": 1676.0,
        "problem": "factorial2",
        "result": "TLE",
        "status": "D",
        "time": 18.198964281
    },
    "2045594": {
        "case_points": 5.0,
        "case_total": 100.0,
        "date": "2020-04-21T12:04:31+00:00",
        "language": "CPP11",
        "memory": 1648.0,
        "problem": "factorial2",
        "result": "TLE",
        "status": "D",
        "time": 18.194659109
    },
    "2045595": {
        "case_points": 10.0,
        "case_total": 100.0,
        "date": "2020-04-21T12:04:53+00:00",
        "language": "CPP11",
        "memory": 1668.0,
        "problem": "factorial2",
        "result": "TLE",
        "status": "D",
        "time": 18.192136209
    },
    "2045604": {
        "case_points": 10.0,
        "case_total": 100.0,
        "date": "2020-04-21T13:17:15+00:00",
        "language": "CPP11",
        "memory": 1664.0,
        "problem": "factorial2",
        "result": "RTE",
        "status": "D",
        "time": 0.180375372
    },
    "2045605": {
        "case_points": 10.0,
        "case_total": 100.0,
        "date": "2020-04-21T13:18:34+00:00",
        "language": "CPP11",
        "memory": 1664.0,
        "problem": "factorial2",
        "result": "TLE",
        "status": "D",
        "time": 18.178868373
    },
    "2045636": {
        "case_points": 10.0,
        "case_total": 100.0,
        "date": "2020-04-21T14:04:05+00:00",
        "language": "CPP11",
        "memory": 1664.0,
        "problem": "factorial2",
        "result": "TLE",
        "status": "D",
        "time": 18.189817523
    },
    "2045639": {
        "case_points": 10.0,
        "case_total": 100.0,
        "date": "2020-04-21T14:04:40+00:00",
        "language": "CLANGX",
        "memory": 1672.0,
        "problem": "factorial2",
        "result": "TLE",
        "status": "D",
        "time": 18.182459799
    },
    "2045646": {
        "case_points": 10.0,
        "case_total": 100.0,
        "date": "2020-04-21T14:11:11+00:00",
        "language": "CPP11",
        "memory": 692.0,
        "problem": "factorial2",
        "result": "TLE",
        "status": "D",
        "time": 18.169413154
    },
    "2045654": {
        "case_points": 10.0,
        "case_total": 100.0,
        "date": "2020-04-21T14:27:38+00:00",
        "language": "CPP11",
        "memory": 704.0,
        "problem": "factorial2",
        "result": "TLE",
        "status": "D",
        "time": 18.164689766
    },
    "2045660": {
        "case_points": 0.0,
        "case_total": 0.0,
        "date": "2020-04-21T14:32:12+00:00",
        "language": "CPP11",
        "memory": null,
        "problem": "factorial2",
        "result": "CE",
        "status": "CE",
        "time": null
    },
    "2045663": {
        "case_points": 10.0,
        "case_total": 100.0,
        "date": "2020-04-21T14:34:58+00:00",
        "language": "CLANGX",
        "memory": 1668.0,
        "problem": "factorial2",
        "result": "TLE",
        "status": "D",
        "time": 18.180251285
    },
    "2045684": {
        "case_points": 0.0,
        "case_total": 0.0,
        "date": "2020-04-21T14:52:50+00:00",
        "language": "CPP11",
        "memory": null,
        "problem": "factorial2",
        "result": "CE",
        "status": "CE",
        "time": null
    },
    "2045685": {
        "case_points": 0.0,
        "case_total": 0.0,
        "date": "2020-04-21T14:52:57+00:00",
        "language": "CPP14",
        "memory": null,
        "problem": "factorial2",
        "result": "CE",
        "status": "CE",
        "time": null
    },
    "2045686": {
        "case_points": 10.0,
        "case_total": 100.0,
        "date": "2020-04-21T14:53:06+00:00",
        "language": "CLANGX",
        "memory": 1760.0,
        "problem": "factorial2",
        "result": "TLE",
        "status": "D",
        "time": 18.202237756
    },
    "2045687": {
        "case_points": 10.0,
        "case_total": 100.0,
        "date": "2020-04-21T14:53:27+00:00",
        "language": "CLANGX",
        "memory": 1652.0,
        "problem": "factorial2",
        "result": "TLE",
        "status": "D",
        "time": 18.194822223
    },
    "2046871": {
        "case_points": 0.0,
        "case_total": 100000.0,
        "date": "2020-04-22T04:18:43+00:00",
        "language": "V8JS",
        "memory": 8184.0,
        "problem": "csprng",
        "result": "IR",
        "status": "D",
        "time": 0.03352691
    },
    "2046914": {
        "case_points": 0.0,
        "case_total": 100000.0,
        "date": "2020-04-22T04:26:07+00:00",
        "language": "PY3",
        "memory": 9192.0,
        "problem": "csprng",
        "result": "IR",
        "status": "D",
        "time": 0.025518578
    },
    "2047004": {
        "case_points": 0.0,
        "case_total": 100.0,
        "date": "2020-04-22T05:38:00+00:00",
        "language": "PYPY",
        "memory": 71332.0,
        "problem": "phantomc1",
        "result": "TLE",
        "status": "D",
        "time": 2.329502858
    },
    "2047009": {
        "case_points": 0.0,
        "case_total": 100.0,
        "date": "2020-04-22T05:41:08+00:00",
        "language": "PYPY",
        "memory": 71832.0,
        "problem": "phantomc1",
        "result": "TLE",
        "status": "D",
        "time": 2.324639086
    },
    "2047012": {
        "case_points": 0.0,
        "case_total": 100.0,
        "date": "2020-04-22T05:46:21+00:00",
        "language": "PYPY",
        "memory": 72004.0,
        "problem": "phantomc1",
        "result": "TLE",
        "status": "D",
        "time": 2.336977232
    },
    "2047020": {
        "case_points": 0.0,
        "case_total": 100.0,
        "date": "2020-04-22T05:54:14+00:00",
        "language": "PYPY3",
        "memory": 65508.0,
        "problem": "phantomc1",
        "result": "TLE",
        "status": "D",
        "time": 3.149345157
    },
    "2047024": {
        "case_points": 0.0,
        "case_total": 100.0,
        "date": "2020-04-22T05:59:07+00:00",
        "language": "PYPY",
        "memory": 53036.0,
        "problem": "phantomc1",
        "result": "WA",
        "status": "D",
        "time": 0.100721153
    },
    "2047025": {
        "case_points": 10.0,
        "case_total": 100.0,
        "date": "2020-04-22T06:02:10+00:00",
        "language": "PYPY",
        "memory": 53036.0,
        "problem": "phantomc1",
        "result": "WA",
        "status": "D",
        "time": 0.098775256
    },
    "2047026": {
        "case_points": 2.6,
        "case_total": 100.0,
        "date": "2020-04-22T06:03:35+00:00",
        "language": "PYPY",
        "memory": 53012.0,
        "problem": "phantomc1",
        "result": "WA",
        "status": "D",
        "time": 0.084066717
    },
    "2047030": {
        "case_points": 5.2,
        "case_total": 100.0,
        "date": "2020-04-22T06:05:11+00:00",
        "language": "PYPY",
        "memory": 53036.0,
        "problem": "phantomc1",
        "result": "WA",
        "status": "D",
        "time": 0.093208287
    },
    "2047036": {
        "case_points": 0.0,
        "case_total": 100.0,
        "date": "2020-04-22T06:24:34+00:00",
        "language": "PYPY3",
        "memory": 294532.0,
        "problem": "phantomc1",
        "result": "TLE",
        "status": "D",
        "time": 2.830177572
    },
    "2047039": {
        "case_points": 0.0,
        "case_total": 100.0,
        "date": "2020-04-22T06:28:42+00:00",
        "language": "PYPY3",
        "memory": 324888.0,
        "problem": "phantomc1",
        "result": "TLE",
        "status": "D",
        "time": 2.338357318
    },
    "2047040": {
        "case_points": 0.0,
        "case_total": 100.0,
        "date": "2020-04-22T06:29:28+00:00",
        "language": "PYPY",
        "memory": 251308.0,
        "problem": "phantomc1",
        "result": "WA",
        "status": "D",
        "time": 1.3684925
    },
    "2047041": {
        "case_points": 0.0,
        "case_total": 100.0,
        "date": "2020-04-22T06:29:49+00:00",
        "language": "PYPY",
        "memory": 251308.0,
        "problem": "phantomc1",
        "result": "WA",
        "status": "D",
        "time": 1.296691096
    },
    "2047048": {
        "case_points": 2.7,
        "case_total": 100.0,
        "date": "2020-04-22T06:37:22+00:00",
        "language": "PYPY",
        "memory": 222444.0,
        "problem": "phantomc1",
        "result": "OLE",
        "status": "D",
        "time": 0.511539849
    },
    "2047066": {
        "case_points": 0.0,
        "case_total": 100.0,
        "date": "2020-04-22T06:56:21+00:00",
        "language": "PYPY",
        "memory": 251556.0,
        "problem": "phantomc1",
        "result": "WA",
        "status": "D",
        "time": 1.264662028
    },
    "2047067": {
        "case_points": 2.7,
        "case_total": 100.0,
        "date": "2020-04-22T07:04:55+00:00",
        "language": "PYPY",
        "memory": 222200.0,
        "problem": "phantomc1",
        "result": "OLE",
        "status": "D",
        "time": 0.526683122
    },
    "2047069": {
        "case_points": 0.0,
        "case_total": 100.0,
        "date": "2020-04-22T07:08:26+00:00",
        "language": "PYPY",
        "memory": 220228.0,
        "problem": "phantomc1",
        "result": "TLE",
        "status": "D",
        "time": 2.331450297
    },
    "2047070": {
        "case_points": 2.7,
        "case_total": 100.0,
        "date": "2020-04-22T07:16:55+00:00",
        "language": "PYPY",
        "memory": 222528.0,
        "problem": "phantomc1",
        "result": "OLE",
        "status": "D",
        "time": 0.527090622
    },
    "2047071": {
        "case_points": 2.6,
        "case_total": 100.0,
        "date": "2020-04-22T07:24:20+00:00",
        "language": "PYPY",
        "memory": 62924.0,
        "problem": "phantomc1",
        "result": "OLE",
        "status": "D",
        "time": 0.241891398
    },
    "2047072": {
        "case_points": 0.0,
        "case_total": 100.0,
        "date": "2020-04-22T07:28:02+00:00",
        "language": "PYPY",
        "memory": 576184.0,
        "problem": "phantomc1",
        "result": "OLE",
        "status": "D",
        "time": 2.077890608
    },
    "2047073": {
        "case_points": 0.0,
        "case_total": 100.0,
        "date": "2020-04-22T07:31:02+00:00",
        "language": "PYPY",
        "memory": 576592.0,
        "problem": "phantomc1",
        "result": "RTE",
        "status": "D",
        "time": 3.773944301
    },
    "2047074": {
        "case_points": 0.0,
        "case_total": 100.0,
        "date": "2020-04-22T07:39:31+00:00",
        "language": "PYPY",
        "memory": 219308.0,
        "problem": "phantomc1",
        "result": "OLE",
        "status": "D",
        "time": 0.514974515
    },
    "2047075": {
        "case_points": 0.0,
        "case_total": 100.0,
        "date": "2020-04-22T07:40:51+00:00",
        "language": "PYPY",
        "memory": 222148.0,
        "problem": "phantomc1",
        "result": "OLE",
        "status": "D",
        "time": 0.52402177
    },
    "2047076": {
        "case_points": 2.7,
        "case_total": 100.0,
        "date": "2020-04-22T07:41:39+00:00",
        "language": "PYPY",
        "memory": 222144.0,
        "problem": "phantomc1",
        "result": "OLE",
        "status": "D",
        "time": 0.521638734
    },
    "2047078": {
        "case_points": 0.0,
        "case_total": 100.0,
        "date": "2020-04-22T07:55:49+00:00",
        "language": "PYPY",
        "memory": 451268.0,
        "problem": "phantomc1",
        "result": "TLE",
        "status": "D",
        "time": 4.092175024
    },
    "2047079": {
        "case_points": 2.7,
        "case_total": 100.0,
        "date": "2020-04-22T07:56:31+00:00",
        "language": "PYPY",
        "memory": 625824.0,
        "problem": "phantomc1",
        "result": "RTE",
        "status": "D",
        "time": 3.319387386
    },
    "2047080": {
        "case_points": 2.8,
        "case_total": 100.0,
        "date": "2020-04-22T08:00:36+00:00",
        "language": "PYPY",
        "memory": 571300.0,
        "problem": "phantomc1",
        "result": "IR",
        "status": "D",
        "time": 4.818387846
    },
    "2047081": {
        "case_points": 3.0,
        "case_total": 100.0,
        "date": "2020-04-22T08:11:36+00:00",
        "language": "PYPY3",
        "memory": 563996.0,
        "problem": "phantomc1",
        "result": "IR",
        "status": "D",
        "time": 4.050225927
    },
    "2047082": {
        "case_points": 3.0,
        "case_total": 100.0,
        "date": "2020-04-22T08:26:31+00:00",
        "language": "PYPY",
        "memory": 571824.0,
        "problem": "phantomc1",
        "result": "IR",
        "status": "D",
        "time": 3.362986441
    },
    "2047083": {
        "case_points": 0.0,
        "case_total": 100.0,
        "date": "2020-04-22T08:31:49+00:00",
        "language": "PYPY",
        "memory": 251532.0,
        "problem": "phantomc1",
        "result": "WA",
        "status": "D",
        "time": 1.358384611
    },
    "2047085": {
        "case_points": 0.0,
        "case_total": 100.0,
        "date": "2020-04-22T08:41:43+00:00",
        "language": "PYPY",
        "memory": 287992.0,
        "problem": "phantomc1",
        "result": "TLE",
        "status": "D",
        "time": 2.24357864
    },
    "2047087": {
        "case_points": 0.0,
        "case_total": 100.0,
        "date": "2020-04-22T08:48:15+00:00",
        "language": "PYPY",
        "memory": 287992.0,
        "problem": "phantomc1",
        "result": "TLE",
        "status": "D",
        "time": 2.247336158
    },
    "2047088": {
        "case_points": 2.8,
        "case_total": 100.0,
        "date": "2020-04-22T08:49:04+00:00",
        "language": "PYPY",
        "memory": 288028.0,
        "problem": "phantomc1",
        "result": "IR",
        "status": "D",
        "time": 1.06561831
    },
    "2047089": {
        "case_points": 0.0,
        "case_total": 0.0,
        "date": "2020-04-22T08:54:48+00:00",
        "language": "PYPY",
        "memory": null,
        "problem": "phantomc1",
        "result": "CE",
        "status": "CE",
        "time": null
    },
    "2047090": {
        "case_points": 0.0,
        "case_total": 100.0,
        "date": "2020-04-22T08:55:08+00:00",
        "language": "PYPY3",
        "memory": 411776.0,
        "problem": "phantomc1",
        "result": "TLE",
        "status": "D",
        "time": 3.031776399
    },
    "2047091": {
        "case_points": 0.0,
        "case_total": 100.0,
        "date": "2020-04-22T08:57:22+00:00",
        "language": "PYPY3",
        "memory": 411756.0,
        "problem": "phantomc1",
        "result": "TLE",
        "status": "D",
        "time": 2.658960109
    },
    "2047092": {
        "case_points": 16.6,
        "case_total": 100.0,
        "date": "2020-04-22T08:57:52+00:00",
        "language": "PYPY3",
        "memory": 411772.0,
        "problem": "phantomc1",
        "result": "TLE",
        "status": "D",
        "time": 2.674417265
    },
    "2047093": {
        "case_points": 0.0,
        "case_total": 100.0,
        "date": "2020-04-22T09:03:32+00:00",
        "language": "PYPY3",
        "memory": 411696.0,
        "problem": "phantomc1",
        "result": "TLE",
        "status": "D",
        "time": 3.458215941
    },
    "2047094": {
        "case_points": 18.9,
        "case_total": 100.0,
        "date": "2020-04-22T09:06:28+00:00",
        "language": "PYPY3",
        "memory": 411840.0,
        "problem": "phantomc1",
        "result": "TLE",
        "status": "D",
        "time": 2.677077069
    },
    "2047096": {
        "case_points": 19.4,
        "case_total": 100.0,
        "date": "2020-04-22T09:11:38+00:00",
        "language": "PYPY3",
        "memory": 411828.0,
        "problem": "phantomc1",
        "result": "TLE",
        "status": "D",
        "time": 2.675552533
    },
    "2047097": {
        "case_points": 19.2,
        "case_total": 100.0,
        "date": "2020-04-22T09:12:04+00:00",
        "language": "PYPY",
        "memory": 360504.0,
        "problem": "phantomc1",
        "result": "TLE",
        "status": "D",
        "time": 2.322536717
    },
    "2047099": {
        "case_points": 19.9,
        "case_total": 100.0,
        "date": "2020-04-22T09:25:03+00:00",
        "language": "PYPY",
        "memory": 360556.0,
        "problem": "phantomc1",
        "result": "TLE",
        "status": "D",
        "time": 2.317803127
    },
    "2047100": {
        "case_points": 20.3,
        "case_total": 100.0,
        "date": "2020-04-22T09:32:13+00:00",
        "language": "PYPY",
        "memory": 360524.0,
        "problem": "phantomc1",
        "result": "TLE",
        "status": "D",
        "time": 2.321068658
    },
    "2047101": {
        "case_points": 22.0,
        "case_total": 100.0,
        "date": "2020-04-22T09:34:31+00:00",
        "language": "PYPY",
        "memory": 360592.0,
        "problem": "phantomc1",
        "result": "TLE",
        "status": "D",
        "time": 2.323286149
    },
    "2047104": {
        "case_points": 23.4,
        "case_total": 100.0,
        "date": "2020-04-22T09:44:05+00:00",
        "language": "PYPY",
        "memory": 360600.0,
        "problem": "phantomc1",
        "result": "TLE",
        "status": "D",
        "time": 2.305295688
    },
    "2047105": {
        "case_points": 24.0,
        "case_total": 100.0,
        "date": "2020-04-22T09:47:01+00:00",
        "language": "PYPY",
        "memory": 448472.0,
        "problem": "phantomc1",
        "result": "TLE",
        "status": "D",
        "time": 2.455987217
    },
    "2047106": {
        "case_points": 24.0,
        "case_total": 100.0,
        "date": "2020-04-22T09:49:56+00:00",
        "language": "PYPY",
        "memory": 465504.0,
        "problem": "phantomc1",
        "result": "TLE",
        "status": "D",
        "time": 3.082467633
    },
    "2047107": {
        "case_points": 24.3,
        "case_total": 100.0,
        "date": "2020-04-22T09:57:16+00:00",
        "language": "PYPY",
        "memory": 485828.0,
        "problem": "phantomc1",
        "result": "TLE",
        "status": "D",
        "time": 3.085781798
    },
    "2047108": {
        "case_points": 23.4,
        "case_total": 100.0,
        "date": "2020-04-22T09:58:39+00:00",
        "language": "PYPY",
        "memory": 361000.0,
        "problem": "phantomc1",
        "result": "TLE",
        "status": "D",
        "time": 2.562595932
    },
    "2047109": {
        "case_points": 0.0,
        "case_total": 100.0,
        "date": "2020-04-22T10:07:13+00:00",
        "language": "PYPY",
        "memory": 415188.0,
        "problem": "phantomc1",
        "result": "TLE",
        "status": "D",
        "time": 2.939099815
    },
    "2047110": {
        "case_points": 20.2,
        "case_total": 100.0,
        "date": "2020-04-22T10:10:38+00:00",
        "language": "PYPY",
        "memory": 360300.0,
        "problem": "phantomc1",
        "result": "TLE",
        "status": "D",
        "time": 2.450676216
    },
    "2047111": {
        "case_points": 21.0,
        "case_total": 100.0,
        "date": "2020-04-22T10:12:06+00:00",
        "language": "PYPY",
        "memory": 360260.0,
        "problem": "phantomc1",
        "result": "TLE",
        "status": "D",
        "time": 2.454575053
    },
    "2047112": {
        "case_points": 23.4,
        "case_total": 100.0,
        "date": "2020-04-22T10:28:17+00:00",
        "language": "PYPY",
        "memory": 360532.0,
        "problem": "phantomc1",
        "result": "TLE",
        "status": "D",
        "time": 2.301384248
    },
    "2047113": {
        "case_points": 0.0,
        "case_total": 100.0,
        "date": "2020-04-22T10:29:51+00:00",
        "language": "PYPY",
        "memory": 359444.0,
        "problem": "phantomc1",
        "result": "TLE",
        "status": "D",
        "time": 2.325831182
    },
    "2047115": {
        "case_points": 0.0,
        "case_total": 100.0,
        "date": "2020-04-22T10:30:40+00:00",
        "language": "PYPY",
        "memory": 521044.0,
        "problem": "phantomc1",
        "result": "TLE",
        "status": "D",
        "time": 2.344084879
    },
    "2047116": {
        "case_points": 0.0,
        "case_total": 100.0,
        "date": "2020-04-22T10:31:18+00:00",
        "language": "PYPY",
        "memory": 363496.0,
        "problem": "phantomc1",
        "result": "WA",
        "status": "D",
        "time": 1.224565489
    },
    "2047117": {
        "case_points": 0.0,
        "case_total": 100.0,
        "date": "2020-04-22T10:32:31+00:00",
        "language": "PYPY",
        "memory": 606552.0,
        "problem": "phantomc1",
        "result": "OLE",
        "status": "D",
        "time": 1.720291812
    },
    "2047119": {
        "case_points": 0.0,
        "case_total": 100.0,
        "date": "2020-04-22T10:33:17+00:00",
        "language": "PYPY",
        "memory": 372096.0,
        "problem": "phantomc1",
        "result": "WA",
        "status": "D",
        "time": 1.234542272
    },
    "2047121": {
        "case_points": 22.8,
        "case_total": 100.0,
        "date": "2020-04-22T10:34:23+00:00",
        "language": "PYPY",
        "memory": 552988.0,
        "problem": "phantomc1",
        "result": "TLE",
        "status": "D",
        "time": 2.345856843
    },
    "2047124": {
        "case_points": 0.0,
        "case_total": 100.0,
        "date": "2020-04-22T10:50:48+00:00",
        "language": "PYPY",
        "memory": 242584.0,
        "problem": "phantomc1",
        "result": "IR",
        "status": "D",
        "time": 0.213414309
    },
    "2047128": {
        "case_points": 0.0,
        "case_total": 100.0,
        "date": "2020-04-22T11:21:15+00:00",
        "language": "PYPY",
        "memory": 372032.0,
        "problem": "phantomc1",
        "result": "WA",
        "status": "D",
        "time": 1.257310282
    },
    "2047129": {
        "case_points": 43.9,
        "case_total": 100.0,
        "date": "2020-04-22T11:22:57+00:00",
        "language": "PYPY",
        "memory": 372400.0,
        "problem": "phantomc1",
        "result": "AC",
        "status": "D",
        "time": 1.267276783
    },
    "2047130": {
        "case_points": 44.2,
        "case_total": 100.0,
        "date": "2020-04-22T11:24:52+00:00",
        "language": "PYPY",
        "memory": 372400.0,
        "problem": "phantomc1",
        "result": "AC",
        "status": "D",
        "time": 1.250676551
    },
    "2047131": {
        "case_points": 44.5,
        "case_total": 100.0,
        "date": "2020-04-22T11:26:18+00:00",
        "language": "PYPY",
        "memory": 372928.0,
        "problem": "phantomc1",
        "result": "AC",
        "status": "D",
        "time": 1.244263709
    },
    "2047132": {
        "case_points": 51.2,
        "case_total": 100.0,
        "date": "2020-04-22T11:34:25+00:00",
        "language": "PYPY",
        "memory": 473884.0,
        "problem": "phantomc1",
        "result": "AC",
        "status": "D",
        "time": 1.414283461
    },
    "2047134": {
        "case_points": 51.4,
        "case_total": 100.0,
        "date": "2020-04-22T11:40:09+00:00",
        "language": "PYPY",
        "memory": 485060.0,
        "problem": "phantomc1",
        "result": "AC",
        "status": "D",
        "time": 1.514313515
    },
    "2047135": {
        "case_points": 52.7,
        "case_total": 100.0,
        "date": "2020-04-22T11:41:57+00:00",
        "language": "PYPY",
        "memory": 485068.0,
        "problem": "phantomc1",
        "result": "AC",
        "status": "D",
        "time": 1.515041512
    },
    "2047137": {
        "case_points": 27.2,
        "case_total": 100.0,
        "date": "2020-04-22T11:46:04+00:00",
        "language": "PYPY",
        "memory": 519260.0,
        "problem": "phantomc1",
        "result": "TLE",
        "status": "D",
        "time": 2.08572552
    },
    "2047139": {
        "case_points": 53.0,
        "case_total": 100.0,
        "date": "2020-04-22T11:48:00+00:00",
        "language": "PYPY",
        "memory": 485240.0,
        "problem": "phantomc1",
        "result": "AC",
        "status": "D",
        "time": 1.487866395
    },
    "2047141": {
        "case_points": 53.2,
        "case_total": 100.0,
        "date": "2020-04-22T11:49:02+00:00",
        "language": "PYPY",
        "memory": 485604.0,
        "problem": "phantomc1",
        "result": "AC",
        "status": "D",
        "time": 1.524067134
    },
    "2047143": {
        "case_points": 54.3,
        "case_total": 100.0,
        "date": "2020-04-22T11:50:57+00:00",
        "language": "PYPY",
        "memory": 467204.0,
        "problem": "phantomc1",
        "result": "AC",
        "status": "D",
        "time": 1.475665252
    },
    "2047144": {
        "case_points": 56.1,
        "case_total": 100.0,
        "date": "2020-04-22T11:55:44+00:00",
        "language": "PYPY",
        "memory": 490392.0,
        "problem": "phantomc1",
        "result": "AC",
        "status": "D",
        "time": 1.378032203
    },
    "2047145": {
        "case_points": 0.0,
        "case_total": 100.0,
        "date": "2020-04-22T11:56:39+00:00",
        "language": "PYPY",
        "memory": 467180.0,
        "problem": "phantomc1",
        "result": "WA",
        "status": "D",
        "time": 1.447579121
    },
    "2047149": {
        "case_points": 51.0,
        "case_total": 100.0,
        "date": "2020-04-22T12:06:17+00:00",
        "language": "PYPY",
        "memory": 490396.0,
        "problem": "phantomc1",
        "result": "IR",
        "status": "D",
        "time": 1.35866503
    },
    "2047150": {
        "case_points": 56.7,
        "case_total": 100.0,
        "date": "2020-04-22T12:06:56+00:00",
        "language": "PYPY",
        "memory": 490852.0,
        "problem": "phantomc1",
        "result": "AC",
        "status": "D",
        "time": 1.370595463
    },
    "2047151": {
        "case_points": 0.0,
        "case_total": 100.0,
        "date": "2020-04-22T12:15:52+00:00",
        "language": "PYPY",
        "memory": 466876.0,
        "problem": "phantomc1",
        "result": "WA",
        "status": "D",
        "time": 1.416079609
    },
    "2047152": {
        "case_points": 62.8,
        "case_total": 100.0,
        "date": "2020-04-22T12:16:37+00:00",
        "language": "PYPY",
        "memory": 467324.0,
        "problem": "phantomc1",
        "result": "AC",
        "status": "D",
        "time": 1.402796908
    },
    "2047153": {
        "case_points": 0.0,
        "case_total": 100.0,
        "date": "2020-04-22T12:20:44+00:00",
        "language": "PYPY",
        "memory": 466812.0,
        "problem": "phantomc1",
        "result": "WA",
        "status": "D",
        "time": 1.431378407
    },
    "2047154": {
        "case_points": 64.1,
        "case_total": 100.0,
        "date": "2020-04-22T12:25:10+00:00",
        "language": "PYPY",
        "memory": 466864.0,
        "problem": "phantomc1",
        "result": "AC",
        "status": "D",
        "time": 1.40642443
    },
    "2047155": {
        "case_points": 69.3,
        "case_total": 100.0,
        "date": "2020-04-22T12:26:39+00:00",
        "language": "PYPY",
        "memory": 466864.0,
        "problem": "phantomc1",
        "result": "AC",
        "status": "D",
        "time": 1.405873288
    },
    "2047156": {
        "case_points": 72.0,
        "case_total": 100.0,
        "date": "2020-04-22T12:28:31+00:00",
        "language": "PYPY",
        "memory": 467344.0,
        "problem": "phantomc1",
        "result": "AC",
        "status": "D",
        "time": 1.393551825
    },
    "2047157": {
        "case_points": 0.0,
        "case_total": 100.0,
        "date": "2020-04-22T12:34:04+00:00",
        "language": "PYPY",
        "memory": 485496.0,
        "problem": "phantomc1",
        "result": "WA",
        "status": "D",
        "time": 1.664503218
    },
    "2047158": {
        "case_points": 73.2,
        "case_total": 100.0,
        "date": "2020-04-22T12:35:33+00:00",
        "language": "PYPY",
        "memory": 485588.0,
        "problem": "phantomc1",
        "result": "AC",
        "status": "D",
        "time": 1.613997892
    },
    "2047160": {
        "case_points": 75.6,
        "case_total": 100.0,
        "date": "2020-04-22T12:43:32+00:00",
        "language": "PYPY",
        "memory": 232752.0,
        "problem": "phantomc1",
        "result": "AC",
        "status": "D",
        "time": 0.591546335
    },
    "2047161": {
        "case_points": 78.6,
        "case_total": 100.0,
        "date": "2020-04-22T12:48:18+00:00",
        "language": "PYPY",
        "memory": 232928.0,
        "problem": "phantomc1",
        "result": "AC",
        "status": "D",
        "time": 0.606306743
    },
    "2047162": {
        "case_points": 84.5,
        "case_total": 100.0,
        "date": "2020-04-22T12:51:58+00:00",
        "language": "PYPY",
        "memory": 313980.0,
        "problem": "phantomc1",
        "result": "AC",
        "status": "D",
        "time": 0.726570144
    },
    "2047168": {
        "case_points": 85.7,
        "case_total": 100.0,
        "date": "2020-04-22T13:02:37+00:00",
        "language": "PYPY",
        "memory": 313716.0,
        "problem": "phantomc1",
        "result": "AC",
        "status": "D",
        "time": 0.711866108
    },
    "2047169": {
        "case_points": 0.0,
        "case_total": 100.0,
        "date": "2020-04-22T13:05:17+00:00",
        "language": "PYPY",
        "memory": 310760.0,
        "problem": "phantomc1",
        "result": "WA",
        "status": "D",
        "time": 0.645221801
    },
    "2050305": {
        "case_points": 0.0,
        "case_total": 500.0,
        "date": "2020-04-24T08:22:00+00:00",
        "language": "PYPY",
        "memory": 54524.0,
        "problem": "det",
        "result": "IR",
        "status": "D",
        "time": 4.91205112
    },
    "2050306": {
        "case_points": 500.0,
        "case_total": 500.0,
        "date": "2020-04-24T08:23:00+00:00",
        "language": "PYPY",
        "memory": 69216.0,
        "problem": "det",
        "result": "AC",
        "status": "D",
        "time": 7.179082465
    },
    "2050348": {
        "case_points": 0.0,
        "case_total": 100.0,
        "date": "2020-04-24T12:53:14+00:00",
        "language": "V8JS",
        "memory": 8040.0,
        "problem": "helloworld",
        "result": "IR",
        "status": "D",
        "time": 0.009748709
    },
    "2080521": {
        "case_points": 0.0,
        "case_total": 100.0,
        "date": "2020-05-09T03:10:24+00:00",
        "language": "CPP11",
        "memory": 95900.0,
        "problem": "dsc19d2p3",
        "result": "RTE",
        "status": "D",
        "time": 18.293604099
    },
    "2080525": {
        "case_points": 0.0,
        "case_total": 100.0,
        "date": "2020-05-09T03:13:33+00:00",
        "language": "CPP11",
        "memory": 57064.0,
        "problem": "dsc19d2p3",
        "result": "RTE",
        "status": "D",
        "time": 18.39960448
    },
    "2080528": {
        "case_points": 0.0,
        "case_total": 100.0,
        "date": "2020-05-09T03:21:41+00:00",
        "language": "CPP11",
        "memory": 75836.0,
        "problem": "dsc19d2p3",
        "result": "RTE",
        "status": "D",
        "time": 18.326586031
    },
    "2080530": {
        "case_points": 0.0,
        "case_total": 100.0,
        "date": "2020-05-09T03:23:02+00:00",
        "language": "CPP11",
        "memory": 72860.0,
        "problem": "dsc19d2p3",
        "result": "RTE",
        "status": "D",
        "time": 18.588199608
    },
    "2080532": {
        "case_points": 0.0,
        "case_total": 100.0,
        "date": "2020-05-09T03:34:46+00:00",
        "language": "CPP11",
        "memory": 60428.0,
        "problem": "dsc19d2p3",
        "result": "RTE",
        "status": "D",
        "time": 18.397111789
    },
    "2080533": {
        "case_points": 0.0,
        "case_total": 100.0,
        "date": "2020-05-09T03:39:13+00:00",
        "language": "CPP11",
        "memory": 75836.0,
        "problem": "dsc19d2p3",
        "result": "RTE",
        "status": "D",
        "time": 18.328652496
    },
    "2089549": {
        "case_points": 0.0,
        "case_total": 100.0,
        "date": "2020-05-14T02:41:21+00:00",
        "language": "CPP14",
        "memory": 1780.0,
        "problem": "helloworld",
        "result": "WA",
        "status": "D",
        "time": 0.004685714
    },
    "2089555": {
        "case_points": 0.0,
        "case_total": 100.0,
        "date": "2020-05-14T02:48:04+00:00",
        "language": "CPP14",
        "memory": 708.0,
        "problem": "helloworld",
        "result": "WA",
        "status": "D",
        "time": 0.003741978
    },
    "2089577": {
        "case_points": 0.0,
        "case_total": 0.0,
        "date": "2020-05-14T02:57:56+00:00",
        "language": "CPP14",
        "memory": null,
        "problem": "helloworld",
        "result": "CE",
        "status": "CE",
        "time": null
    },
    "2089578": {
        "case_points": 0.0,
        "case_total": 0.0,
        "date": "2020-05-14T02:58:16+00:00",
        "language": "CPP14",
        "memory": null,
        "problem": "helloworld",
        "result": "CE",
        "status": "CE",
        "time": null
    },
    "2089579": {
        "case_points": 0.0,
        "case_total": 100.0,
        "date": "2020-05-14T02:58:40+00:00",
        "language": "CPP14",
        "memory": 1780.0,
        "problem": "helloworld",
        "result": "WA",
        "status": "D",
        "time": 0.003766804
    },
    "2089580": {
        "case_points": 0.0,
        "case_total": 100.0,
        "date": "2020-05-14T02:59:41+00:00",
        "language": "CPP14",
        "memory": 1780.0,
        "problem": "helloworld",
        "result": "WA",
        "status": "D",
        "time": 0.004571838
    },
    "2089601": {
        "case_points": 0.0,
        "case_total": 100.0,
        "date": "2020-05-14T03:13:45+00:00",
        "language": "CPP14",
        "memory": 1180.0,
        "problem": "helloworld",
        "result": "WA",
        "status": "D",
        "time": 0.004815011
    },
    "2091193": {
        "case_points": 15.0,
        "case_total": 100.0,
        "date": "2020-05-15T05:19:00+00:00",
        "language": "CPP11",
        "memory": 1780.0,
        "problem": "angieandfunctions",
        "result": "WA",
        "status": "D",
        "time": 0.128919843
    },
    "2091194": {
        "case_points": 100.0,
        "case_total": 100.0,
        "date": "2020-05-15T05:19:29+00:00",
        "language": "CPP11",
        "memory": 1780.0,
        "problem": "angieandfunctions",
        "result": "AC",
        "status": "D",
        "time": 23.249021459
    },
    "2091195": {
        "case_points": 100.0,
        "case_total": 100.0,
        "date": "2020-05-15T05:24:04+00:00",
        "language": "CPP11",
        "memory": 3400.0,
        "problem": "angieandfunctions",
        "result": "AC",
        "status": "D",
        "time": 23.208065728
    },
    "2091197": {
        "case_points": 0.0,
        "case_total": 100.0,
        "date": "2020-05-15T05:32:02+00:00",
        "language": "CPP11",
        "memory": 1656.0,
        "problem": "functions",
        "result": "RTE",
        "status": "D",
        "time": 0.005540421
    },
    "2091198": {
        "case_points": 0.0,
        "case_total": 100.0,
        "date": "2020-05-15T05:33:56+00:00",
        "language": "CPP11",
        "memory": 8568.0,
        "problem": "functions",
        "result": "TLE",
        "status": "D",
        "time": 2.019860564
    },
    "2091199": {
        "case_points": 0.0,
        "case_total": 100.0,
        "date": "2020-05-15T05:34:52+00:00",
        "language": "CPP11",
        "memory": 8748.0,
        "problem": "functions",
        "result": "TLE",
        "status": "D",
        "time": 2.021226597
    },
    "2091200": {
        "case_points": 100.0,
        "case_total": 100.0,
        "date": "2020-05-15T05:36:35+00:00",
        "language": "CLANGX",
        "memory": 3568.0,
        "problem": "angieandfunctions",
        "result": "AC",
        "status": "D",
        "time": 23.153701038
    },
    "2096346": {
        "case_points": 0.0,
        "case_total": 100.0,
        "date": "2020-05-18T00:48:30+00:00",
        "language": "CPP11",
        "memory": 14712.0,
        "problem": "dmopc19c7p4",
        "result": "WA",
        "status": "D",
        "time": 1.780710821
    },
    "2096351": {
        "case_points": 10.0,
        "case_total": 100.0,
        "date": "2020-05-18T00:49:15+00:00",
        "language": "CPP11",
        "memory": 14656.0,
        "problem": "dmopc19c7p4",
        "result": "WA",
        "status": "D",
        "time": 1.987546194
    },
    "2096366": {
        "case_points": 100.0,
        "case_total": 100.0,
        "date": "2020-05-18T00:52:58+00:00",
        "language": "CPP11",
        "memory": 14704.0,
        "problem": "dmopc19c7p4",
        "result": "AC",
        "status": "D",
        "time": 19.304355131
    },
    "2096371": {
        "case_points": 100.0,
        "case_total": 100.0,
        "date": "2020-05-18T00:56:30+00:00",
        "language": "CPP11",
        "memory": 14648.0,
        "problem": "dmopc19c7p4",
        "result": "AC",
        "status": "D",
        "time": 3.64511677
    },
    "2096377": {
        "case_points": 0.0,
        "case_total": 0.0,
        "date": "2020-05-18T00:58:39+00:00",
        "language": "CPP11",
        "memory": null,
        "problem": "dmopc19c7p4",
        "result": "CE",
        "status": "CE",
        "time": null
    },
    "2096470": {
        "case_points": 0.0,
        "case_total": 100.0,
        "date": "2020-05-18T01:32:41+00:00",
        "language": "CLANGX",
        "memory": 7112.0,
        "problem": "functions",
        "result": "TLE",
        "status": "D",
        "time": 2.019787423
    },
    "2096588": {
        "case_points": 4.0,
        "case_total": 100.0,
        "date": "2020-05-18T02:57:29+00:00",
        "language": "BF",
        "memory": 676.0,
        "problem": "cccjqrp5",
        "result": "WA",
        "status": "D",
        "time": 0.010651395
    },
    "2096627": {
        "case_points": 0.0,
        "case_total": 0.0,
        "date": "2020-05-18T03:19:33+00:00",
        "language": "CPP11",
        "memory": null,
        "problem": "dsc19d2p3",
        "result": "CE",
        "status": "CE",
        "time": null
    },
    "2096629": {
        "case_points": 0.0,
        "case_total": 100.0,
        "date": "2020-05-18T03:23:11+00:00",
        "language": "CPP11",
        "memory": 77260.0,
        "problem": "dsc19d2p3",
        "result": "RTE",
        "status": "D",
        "time": 18.410876039
    },
    "2096630": {
        "case_points": 20.0,
        "case_total": 100.0,
        "date": "2020-05-18T03:27:56+00:00",
        "language": "CPP11",
        "memory": 73960.0,
        "problem": "dsc19d2p3",
        "result": "RTE",
        "status": "D",
        "time": 18.316130689
    },
    "2096633": {
        "case_points": 20.0,
        "case_total": 100.0,
        "date": "2020-05-18T03:47:12+00:00",
        "language": "CPP11",
        "memory": 71188.0,
        "problem": "dsc19d2p3",
        "result": "RTE",
        "status": "D",
        "time": 18.361353186
    },
    "2096635": {
        "case_points": 20.0,
        "case_total": 100.0,
        "date": "2020-05-18T03:47:36+00:00",
        "language": "CLANGX",
        "memory": 52348.0,
        "problem": "dsc19d2p3",
        "result": "RTE",
        "status": "D",
        "time": 18.308879863
    },
    "2096636": {
        "case_points": 0.0,
        "case_total": 100.0,
        "date": "2020-05-18T03:50:06+00:00",
        "language": "CLANGX",
        "memory": 1784.0,
        "problem": "dsc19d2p3",
        "result": "RTE",
        "status": "D",
        "time": 0.108280199
    },
    "2096637": {
        "case_points": 20.0,
        "case_total": 100.0,
        "date": "2020-05-18T03:50:38+00:00",
        "language": "CLANGX",
        "memory": 56880.0,
        "problem": "dsc19d2p3",
        "result": "RTE",
        "status": "D",
        "time": 18.30067242
    },
    "2096655": {
        "case_points": 0.0,
        "case_total": 100.0,
        "date": "2020-05-18T04:21:05+00:00",
        "language": "TEXT",
        "memory": 1820.0,
        "problem": "factorial2",
        "result": "WA",
        "status": "D",
        "time": 0.006388321
    },
    "2096670": {
        "case_points": 0.0,
        "case_total": 0.0,
        "date": "2020-05-18T04:44:28+00:00",
        "language": "CPP11",
        "memory": null,
        "problem": "factorial2",
        "result": "CE",
        "status": "CE",
        "time": null
    },
    "2096686": {
        "case_points": 0.0,
        "case_total": 100.0,
        "date": "2020-05-18T04:59:26+00:00",
        "language": "CPP11",
        "memory": 1720.0,
        "problem": "factorial2",
        "result": "WA",
        "status": "D",
        "time": 0.005794317
    },
    "2096687": {
        "case_points": 0.0,
        "case_total": 100.0,
        "date": "2020-05-18T05:03:10+00:00",
        "language": "CPP11",
        "memory": 1780.0,
        "problem": "factorial2",
        "result": "WA",
        "status": "D",
        "time": 0.005431691
    },
    "2096696": {
        "case_points": 10.0,
        "case_total": 100.0,
        "date": "2020-05-18T05:06:39+00:00",
        "language": "CPP11",
        "memory": 1780.0,
        "problem": "factorial2",
        "result": "WA",
        "status": "D",
        "time": 4.033609644
    },
    "2096697": {
        "case_points": 10.0,
        "case_total": 100.0,
        "date": "2020-05-18T05:07:37+00:00",
        "language": "CPP11",
        "memory": 1760.0,
        "problem": "factorial2",
        "result": "WA",
        "status": "D",
        "time": 4.080199858
    },
    "2096698": {
        "case_points": 10.0,
        "case_total": 100.0,
        "date": "2020-05-18T05:09:38+00:00",
        "language": "CPP11",
        "memory": 1780.0,
        "problem": "factorial2",
        "result": "WA",
        "status": "D",
        "time": 4.041070276
    },
    "2096711": {
        "case_points": 10.0,
        "case_total": 100.0,
        "date": "2020-05-18T05:20:28+00:00",
        "language": "CPP11",
        "memory": 1780.0,
        "problem": "factorial2",
        "result": "WA",
        "status": "D",
        "time": 4.038889691
    },
    "2096720": {
        "case_points": 10.0,
        "case_total": 100.0,
        "date": "2020-05-18T05:30:08+00:00",
        "language": "CPP11",
        "memory": 1780.0,
        "problem": "factorial2",
        "result": "WA",
        "status": "D",
        "time": 3.07845792
    },
    "2096723": {
        "case_points": 10.0,
        "case_total": 100.0,
        "date": "2020-05-18T05:34:15+00:00",
        "language": "CPP11",
        "memory": 1780.0,
        "problem": "factorial2",
        "result": "WA",
        "status": "D",
        "time": 3.07771715
    },
    "2096732": {
        "case_points": 10.0,
        "case_total": 100.0,
        "date": "2020-05-18T05:39:44+00:00",
        "language": "CPP11",
        "memory": 1720.0,
        "problem": "factorial2",
        "result": "WA",
        "status": "D",
        "time": 3.068578858
    },
    "2099687": {
        "case_points": 30.0,
        "case_total": 100.0,
        "date": "2020-05-20T06:36:57+00:00",
        "language": "CPP11",
        "memory": 1780.0,
        "problem": "cco09p1",
        "result": "WA",
        "status": "D",
        "time": 0.074133685
    },
    "2099689": {
        "case_points": 100.0,
        "case_total": 100.0,
        "date": "2020-05-20T06:57:23+00:00",
        "language": "CPP11",
        "memory": 1780.0,
        "problem": "cco09p1",
        "result": "AC",
        "status": "D",
        "time": 0.047352361
    }
}