{
    "1972059": {
        "case_points": 100.0,
        "case_total": 100.0,
        "date": "2020-03-19T03:29:00+00:00",
        "language": "PYPY3",
        "memory": 58284.0,
        "problem": "16bitswonly",
        "result": "AC",
        "status": "D",
        "time": 0.73556257
    },
    "1972065": {
        "case_points": 50.0,
        "case_total": 50.0,
        "date": "2020-03-19T03:50:18+00:00",
        "language": "PY3",
        "memory": 9180.0,
        "problem": "ccc00j2",
        "result": "AC",
        "status": "D",
        "time": 0.142429248
    },
    "1972066": {
        "case_points": 30.0,
        "case_total": 30.0,
        "date": "2020-03-19T03:55:23+00:00",
        "language": "PYPY3",
        "memory": 56908.0,
        "problem": "ccc01j1",
        "result": "AC",
        "status": "D",
        "time": 0.16759488
    },
    "1972070": {
        "case_points": 100.0,
        "case_total": 100.0,
        "date": "2020-03-19T04:00:30+00:00",
        "language": "PYPY3",
        "memory": 55672.0,
        "problem": "ccc01j2",
        "result": "AC",
        "status": "D",
        "time": 0.24238728
    },
    "1972081": {
        "case_points": 50.0,
        "case_total": 50.0,
        "date": "2020-03-19T04:14:55+00:00",
        "language": "PY3",
        "memory": 9164.0,
        "problem": "ccc00j1",
        "result": "AC",
        "status": "D",
        "time": 0.128526897
    },
    "1972096": {
        "case_points": 100.0,
        "case_total": 100.0,
        "date": "2020-03-19T04:27:50+00:00",
        "language": "PY3",
        "memory": 9128.0,
        "problem": "ccc02j2",
        "result": "AC",
        "status": "D",
        "time": 0.025192977
    },
    "1972102": {
        "case_points": 100.0,
        "case_total": 100.0,
        "date": "2020-03-19T04:34:24+00:00",
        "language": "PY3",
        "memory": 9132.0,
        "problem": "ccc02s2",
        "result": "AC",
        "status": "D",
        "time": 0.12892808
    },
    "1972112": {
        "case_points": 100.0,
        "case_total": 100.0,
        "date": "2020-03-19T04:38:26+00:00",
        "language": "PY3",
        "memory": 9128.0,
        "problem": "ccc03j2",
        "result": "AC",
        "status": "D",
        "time": 0.02720833
    },
    "1972128": {
        "case_points": 50.0,
        "case_total": 50.0,
        "date": "2020-03-19T05:00:20+00:00",
        "language": "PY3",
        "memory": 9136.0,
        "problem": "ccc04j1",
        "result": "AC",
        "status": "D",
        "time": 0.130468194
    },
    "1972139": {
        "case_points": 50.0,
        "case_total": 50.0,
        "date": "2020-03-19T05:26:32+00:00",
        "language": "PY3",
        "memory": 9172.0,
        "problem": "ccc05s2",
        "result": "AC",
        "status": "D",
        "time": 0.124252888
    },
    "1972140": {
        "case_points": 100.0,
        "case_total": 100.0,
        "date": "2020-03-19T05:29:40+00:00",
        "language": "PY3",
        "memory": 9040.0,
        "problem": "pib20p2",
        "result": "AC",
        "status": "D",
        "time": 0.806224743
    },
    "1972145": {
        "case_points": 40.0,
        "case_total": 40.0,
        "date": "2020-03-19T05:39:04+00:00",
        "language": "PY3",
        "memory": 9164.0,
        "problem": "ccc07s1",
        "result": "AC",
        "status": "D",
        "time": 0.100896534
    },
    "1972154": {
        "case_points": 50.0,
        "case_total": 50.0,
        "date": "2020-03-19T05:48:22+00:00",
        "language": "PY3",
        "memory": 9124.0,
        "problem": "ccc09s1",
        "result": "AC",
        "status": "D",
        "time": 0.124685385
    },
    "1972178": {
        "case_points": 100.0,
        "case_total": 100.0,
        "date": "2020-03-19T06:26:58+00:00",
        "language": "PY3",
        "memory": 9696.0,
        "problem": "ccc99s3",
        "result": "AC",
        "status": "D",
        "time": 0.027804554
    },
    "1972187": {
        "case_points": 100.0,
        "case_total": 100.0,
        "date": "2020-03-19T06:34:48+00:00",
        "language": "PY3",
        "memory": 9168.0,
        "problem": "3drotate",
        "result": "AC",
        "status": "D",
        "time": 0.41230563
    },
    "1972189": {
        "case_points": 100.0,
        "case_total": 100.0,
        "date": "2020-03-19T06:39:48+00:00",
        "language": "PY3",
        "memory": 9172.0,
        "problem": "fibonacci",
        "result": "AC",
        "status": "D",
        "time": 0.251112789
    },
    "1972192": {
        "case_points": 100.0,
        "case_total": 100.0,
        "date": "2020-03-19T06:43:38+00:00",
        "language": "PYPY3",
        "memory": 63124.0,
        "problem": "fibonacci2",
        "result": "AC",
        "status": "D",
        "time": 13.468430354
    },
    "1972196": {
        "case_points": 21.0,
        "case_total": 21.0,
        "date": "2020-03-19T06:48:39+00:00",
        "language": "PY3",
        "memory": 9160.0,
        "problem": "si17c1p5",
        "result": "AC",
        "status": "D",
        "time": 0.517384599
    },
    "1972206": {
        "case_points": 100.0,
        "case_total": 100.0,
        "date": "2020-03-19T07:01:05+00:00",
        "language": "PYPY3",
        "memory": 61120.0,
        "problem": "phantom2",
        "result": "AC",
        "status": "D",
        "time": 5.776339866
    },
    "1972225": {
        "case_points": 100.0,
        "case_total": 100.0,
        "date": "2020-03-19T07:53:22+00:00",
        "language": "PY3",
        "memory": 9144.0,
        "problem": "factorial",
        "result": "AC",
        "status": "D",
        "time": 0.059220159
    },
    "1972230": {
        "case_points": 5.0,
        "case_total": 5.0,
        "date": "2020-03-19T08:18:29+00:00",
        "language": "PY3",
        "memory": 9172.0,
        "problem": "ccc04s1",
        "result": "AC",
        "status": "D",
        "time": 0.12471981
    },
    "1972261": {
        "case_points": 30.0,
        "case_total": 30.0,
        "date": "2020-03-19T08:49:18+00:00",
        "language": "PY3",
        "memory": 9164.0,
        "problem": "ccc98s1",
        "result": "AC",
        "status": "D",
        "time": 0.073445752
    },
    "1972303": {
        "case_points": 100.0,
        "case_total": 100.0,
        "date": "2020-03-19T09:07:45+00:00",
        "language": "PY3",
        "memory": 9172.0,
        "problem": "regex2",
        "result": "AC",
        "status": "D",
        "time": 0.098307939
    },
    "1972311": {
        "case_points": 100.0,
        "case_total": 100.0,
        "date": "2020-03-19T09:13:03+00:00",
        "language": "PY3",
        "memory": 9160.0,
        "problem": "ccc11s1",
        "result": "AC",
        "status": "D",
        "time": 0.319807936
    },
    "1972348": {
        "case_points": 100.0,
        "case_total": 100.0,
        "date": "2020-03-19T10:24:32+00:00",
        "language": "PYPY3",
        "memory": 62312.0,
        "problem": "dmopc19c5p3",
        "result": "AC",
        "status": "D",
        "time": 6.085597081
    },
    "1972352": {
        "case_points": 100.0,
        "case_total": 100.0,
        "date": "2020-03-19T10:36:50+00:00",
        "language": "PY3",
        "memory": 9160.0,
        "problem": "tle15p4",
        "result": "AC",
        "status": "D",
        "time": 2.501048237
    },
    "1972375": {
        "case_points": 16.0,
        "case_total": 16.0,
        "date": "2020-03-19T11:46:50+00:00",
        "language": "PY3",
        "memory": 12256.0,
        "problem": "ccc19s3",
        "result": "AC",
        "status": "D",
        "time": 2.372135988
    },
    "1972377": {
        "case_points": 100.0,
        "case_total": 100.0,
        "date": "2020-03-19T12:02:18+00:00",
        "language": "PYPY3",
        "memory": 73868.0,
        "problem": "pib20p5",
        "result": "AC",
        "status": "D",
        "time": 6.39003779
    },
    "1972378": {
        "case_points": 100.0,
        "case_total": 100.0,
        "date": "2020-03-19T12:02:48+00:00",
        "language": "PYPY3",
        "memory": 73896.0,
        "problem": "pib20p5",
        "result": "AC",
        "status": "D",
        "time": 6.312366086
    },
    "1972379": {
        "case_points": 100.0,
        "case_total": 100.0,
        "date": "2020-03-19T12:10:37+00:00",
        "language": "PY3",
        "memory": 9196.0,
        "problem": "dmpg15b6",
        "result": "AC",
        "status": "D",
        "time": 1.054199272
    },
    "1973988": {
        "case_points": 45.0,
        "case_total": 45.0,
        "date": "2020-03-20T02:31:49+00:00",
        "language": "PYPY",
        "memory": 126104.0,
        "problem": "dmopc14c1p5",
        "result": "AC",
        "status": "D",
        "time": 2.264986453
    },
    "1973994": {
        "case_points": 45.0,
        "case_total": 45.0,
        "date": "2020-03-20T02:33:35+00:00",
        "language": "PYPY3",
        "memory": 119636.0,
        "problem": "dmopc14c1p5",
        "result": "AC",
        "status": "D",
        "time": 2.864561278
    },
    "1974010": {
        "case_points": 10.0,
        "case_total": 10.0,
        "date": "2020-03-20T02:42:17+00:00",
        "language": "PY3",
        "memory": 9192.0,
        "problem": "ccc96s5",
        "result": "AC",
        "status": "D",
        "time": 0.024947674
    },
    "1974074": {
        "case_points": 50.0,
        "case_total": 50.0,
        "date": "2020-03-20T03:21:36+00:00",
        "language": "PY3",
        "memory": 9184.0,
        "problem": "ccc11s3",
        "result": "AC",
        "status": "D",
        "time": 0.116268617
    },
    "1974122": {
        "case_points": 50.0,
        "case_total": 50.0,
        "date": "2020-03-20T03:48:43+00:00",
        "language": "PY3",
        "memory": 8916.0,
        "problem": "ccc01s2",
        "result": "AC",
        "status": "D",
        "time": 0.126590783
    },
    "1974167": {
        "case_points": 99.0,
        "case_total": 99.0,
        "date": "2020-03-20T04:07:27+00:00",
        "language": "PY3",
        "memory": 9364.0,
        "problem": "ccc01s2exact",
        "result": "AC",
        "status": "D",
        "time": 2.935549879
    },
    "2042891": {
        "case_points": 500.0,
        "case_total": 500.0,
        "date": "2020-04-19T23:02:44+00:00",
        "language": "PYPY",
        "memory": 68760.0,
        "problem": "det",
        "result": "AC",
        "status": "D",
        "time": 7.938748585
    },
    "2042926": {
        "case_points": 500.0,
        "case_total": 500.0,
        "date": "2020-04-19T23:07:57+00:00",
        "language": "PYPY",
        "memory": 68740.0,
        "problem": "det",
        "result": "AC",
        "status": "D",
        "time": 7.726637003
    },
    "2043317": {
        "case_points": 200.0,
        "case_total": 200.0,
        "date": "2020-04-20T02:43:19+00:00",
        "language": "CPP11",
        "memory": 137708.0,
        "problem": "atimesb",
        "result": "AC",
        "status": "D",
        "time": 2.201794398
    },
    "2043583": {
        "case_points": 100.0,
        "case_total": 100.0,
        "date": "2020-04-20T12:38:21+00:00",
        "language": "CPP14",
        "memory": 1704.0,
        "problem": "wac2p4",
        "result": "AC",
        "status": "D",
        "time": 15.646330951
    },
    "2043584": {
        "case_points": 100.0,
        "case_total": 100.0,
        "date": "2020-04-20T12:39:20+00:00",
        "language": "CPP14",
        "memory": 1632.0,
        "problem": "wac2p4",
        "result": "AC",
        "status": "D",
        "time": 11.195797756
    },
    "2043585": {
        "case_points": 100.0,
        "case_total": 100.0,
        "date": "2020-04-20T12:40:50+00:00",
        "language": "CPP14",
        "memory": 1632.0,
        "problem": "wac2p4",
        "result": "AC",
        "status": "D",
        "time": 4.092503713
    },
    "2043586": {
        "case_points": 100.0,
        "case_total": 100.0,
        "date": "2020-04-20T12:41:11+00:00",
        "language": "CPP14",
        "memory": 1704.0,
        "problem": "wac2p4",
        "result": "AC",
        "status": "D",
        "time": 2.632256252
    },
    "2043588": {
        "case_points": 100.0,
        "case_total": 100.0,
        "date": "2020-04-20T12:41:44+00:00",
        "language": "CPP14",
        "memory": 1632.0,
        "problem": "wac2p4",
        "result": "AC",
        "status": "D",
        "time": 2.193815284
    },
    "2043593": {
        "case_points": 100.0,
        "case_total": 100.0,
        "date": "2020-04-20T12:42:28+00:00",
        "language": "CPP14",
        "memory": 1632.0,
        "problem": "wac2p4",
        "result": "AC",
        "status": "D",
        "time": 2.035822
    },
    "2043595": {
        "case_points": 100.0,
        "case_total": 100.0,
        "date": "2020-04-20T12:42:54+00:00",
        "language": "CPP14",
        "memory": 1704.0,
        "problem": "wac2p4",
        "result": "AC",
        "status": "D",
        "time": 2.220937046
    },
    "2043597": {
        "case_points": 100.0,
        "case_total": 100.0,
        "date": "2020-04-20T12:43:12+00:00",
        "language": "CPP14",
        "memory": 1632.0,
        "problem": "wac2p4",
        "result": "AC",
        "status": "D",
        "time": 1.931849271
    },
    "2043598": {
        "case_points": 100.0,
        "case_total": 100.0,
        "date": "2020-04-20T12:43:26+00:00",
        "language": "CPP14",
        "memory": 1632.0,
        "problem": "wac2p4",
        "result": "AC",
        "status": "D",
        "time": 1.854697518
    },
    "2043600": {
        "case_points": 100.0,
        "case_total": 100.0,
        "date": "2020-04-20T12:43:56+00:00",
        "language": "CLANGX",
        "memory": 1668.0,
        "problem": "wac2p4",
        "result": "AC",
        "status": "D",
        "time": 1.84817937
    },
    "2043760": {
        "case_points": 100.0,
        "case_total": 100.0,
        "date": "2020-04-20T15:29:15+00:00",
        "language": "CPP11",
        "memory": 1632.0,
        "problem": "utso15p6",
        "result": "AC",
        "status": "D",
        "time": 0.427732341
    },
    "2043771": {
        "case_points": 15.0,
        "case_total": 15.0,
        "date": "2020-04-20T15:46:39+00:00",
        "language": "CPP11",
        "memory": 1664.0,
        "problem": "raytracing",
        "result": "AC",
        "status": "D",
        "time": 59.103846448
    },
    "2043772": {
        "case_points": 15.0,
        "case_total": 15.0,
        "date": "2020-04-20T15:48:15+00:00",
        "language": "CPP11",
        "memory": 1668.0,
        "problem": "raytracing",
        "result": "AC",
        "status": "D",
        "time": 31.194883868
    },
    "2043776": {
        "case_points": 15.0,
        "case_total": 15.0,
        "date": "2020-04-20T15:52:45+00:00",
        "language": "CPP11",
        "memory": 1676.0,
        "problem": "raytracing",
        "result": "AC",
        "status": "D",
        "time": 14.682324111
    },
    "2043780": {
        "case_points": 15.0,
        "case_total": 15.0,
        "date": "2020-04-20T15:54:47+00:00",
        "language": "CPP11",
        "memory": 1664.0,
        "problem": "raytracing",
        "result": "AC",
        "status": "D",
        "time": 8.281203035
    },
    "2043786": {
        "case_points": 15.0,
        "case_total": 15.0,
        "date": "2020-04-20T15:57:54+00:00",
        "language": "CPP11",
        "memory": 1664.0,
        "problem": "raytracing",
        "result": "AC",
        "status": "D",
        "time": 8.179741778
    },
    "2043788": {
        "case_points": 15.0,
        "case_total": 15.0,
        "date": "2020-04-20T15:58:45+00:00",
        "language": "CLANGX",
        "memory": 1680.0,
        "problem": "raytracing",
        "result": "AC",
        "status": "D",
        "time": 7.428434996
    },
    "2045496": {
        "case_points": 100.0,
        "case_total": 100.0,
        "date": "2020-04-21T05:04:04+00:00",
        "language": "CPP11",
        "memory": 1668.0,
        "problem": "cco09p1",
        "result": "AC",
        "status": "D",
        "time": 0.169817437
    },
    "2045546": {
        "case_points": 100.0,
        "case_total": 100.0,
        "date": "2020-04-21T07:10:12+00:00",
        "language": "CPP11",
        "memory": 1652.0,
        "problem": "inaho9",
        "result": "AC",
        "status": "D",
        "time": 7.631797126
    },
    "2045548": {
        "case_points": 485.0,
        "case_total": 485.0,
        "date": "2020-04-21T07:48:09+00:00",
        "language": "CPP11",
        "memory": 3420.0,
        "problem": "aplusb2",
        "result": "AC",
        "status": "D",
        "time": 0.130866229
    },
    "2045558": {
        "case_points": 200.0,
        "case_total": 200.0,
        "date": "2020-04-21T08:20:11+00:00",
        "language": "CPP11",
        "memory": 3600.0,
        "problem": "bf3hard",
        "result": "AC",
        "status": "D",
        "time": 3.562331486
    },
    "2045560": {
        "case_points": 100.0,
        "case_total": 100.0,
        "date": "2020-04-21T08:39:44+00:00",
        "language": "CPP11",
        "memory": 3600.0,
        "problem": "phantom3",
        "result": "AC",
        "status": "D",
        "time": 4.313384402
    },
    "2047129": {
        "case_points": 43.9,
        "case_total": 100.0,
        "date": "2020-04-22T11:22:57+00:00",
        "language": "PYPY",
        "memory": 372400.0,
        "problem": "phantomc1",
        "result": "AC",
        "status": "D",
        "time": 1.267276783
    },
    "2047130": {
        "case_points": 44.2,
        "case_total": 100.0,
        "date": "2020-04-22T11:24:52+00:00",
        "language": "PYPY",
        "memory": 372400.0,
        "problem": "phantomc1",
        "result": "AC",
        "status": "D",
        "time": 1.250676551
    },
    "2047131": {
        "case_points": 44.5,
        "case_total": 100.0,
        "date": "2020-04-22T11:26:18+00:00",
        "language": "PYPY",
        "memory": 372928.0,
        "problem": "phantomc1",
        "result": "AC",
        "status": "D",
        "time": 1.244263709
    },
    "2047132": {
        "case_points": 51.2,
        "case_total": 100.0,
        "date": "2020-04-22T11:34:25+00:00",
        "language": "PYPY",
        "memory": 473884.0,
        "problem": "phantomc1",
        "result": "AC",
        "status": "D",
        "time": 1.414283461
    },
    "2047134": {
        "case_points": 51.4,
        "case_total": 100.0,
        "date": "2020-04-22T11:40:09+00:00",
        "language": "PYPY",
        "memory": 485060.0,
        "problem": "phantomc1",
        "result": "AC",
        "status": "D",
        "time": 1.514313515
    },
    "2047135": {
        "case_points": 52.7,
        "case_total": 100.0,
        "date": "2020-04-22T11:41:57+00:00",
        "language": "PYPY",
        "memory": 485068.0,
        "problem": "phantomc1",
        "result": "AC",
        "status": "D",
        "time": 1.515041512
    },
    "2047139": {
        "case_points": 53.0,
        "case_total": 100.0,
        "date": "2020-04-22T11:48:00+00:00",
        "language": "PYPY",
        "memory": 485240.0,
        "problem": "phantomc1",
        "result": "AC",
        "status": "D",
        "time": 1.487866395
    },
    "2047141": {
        "case_points": 53.2,
        "case_total": 100.0,
        "date": "2020-04-22T11:49:02+00:00",
        "language": "PYPY",
        "memory": 485604.0,
        "problem": "phantomc1",
        "result": "AC",
        "status": "D",
        "time": 1.524067134
    },
    "2047143": {
        "case_points": 54.3,
        "case_total": 100.0,
        "date": "2020-04-22T11:50:57+00:00",
        "language": "PYPY",
        "memory": 467204.0,
        "problem": "phantomc1",
        "result": "AC",
        "status": "D",
        "time": 1.475665252
    },
    "2047144": {
        "case_points": 56.1,
        "case_total": 100.0,
        "date": "2020-04-22T11:55:44+00:00",
        "language": "PYPY",
        "memory": 490392.0,
        "problem": "phantomc1",
        "result": "AC",
        "status": "D",
        "time": 1.378032203
    },
    "2047150": {
        "case_points": 56.7,
        "case_total": 100.0,
        "date": "2020-04-22T12:06:56+00:00",
        "language": "PYPY",
        "memory": 490852.0,
        "problem": "phantomc1",
        "result": "AC",
        "status": "D",
        "time": 1.370595463
    },
    "2047152": {
        "case_points": 62.8,
        "case_total": 100.0,
        "date": "2020-04-22T12:16:37+00:00",
        "language": "PYPY",
        "memory": 467324.0,
        "problem": "phantomc1",
        "result": "AC",
        "status": "D",
        "time": 1.402796908
    },
    "2047154": {
        "case_points": 64.1,
        "case_total": 100.0,
        "date": "2020-04-22T12:25:10+00:00",
        "language": "PYPY",
        "memory": 466864.0,
        "problem": "phantomc1",
        "result": "AC",
        "status": "D",
        "time": 1.40642443
    },
    "2047155": {
        "case_points": 69.3,
        "case_total": 100.0,
        "date": "2020-04-22T12:26:39+00:00",
        "language": "PYPY",
        "memory": 466864.0,
        "problem": "phantomc1",
        "result": "AC",
        "status": "D",
        "time": 1.405873288
    },
    "2047156": {
        "case_points": 72.0,
        "case_total": 100.0,
        "date": "2020-04-22T12:28:31+00:00",
        "language": "PYPY",
        "memory": 467344.0,
        "problem": "phantomc1",
        "result": "AC",
        "status": "D",
        "time": 1.393551825
    },
    "2047158": {
        "case_points": 73.2,
        "case_total": 100.0,
        "date": "2020-04-22T12:35:33+00:00",
        "language": "PYPY",
        "memory": 485588.0,
        "problem": "phantomc1",
        "result": "AC",
        "status": "D",
        "time": 1.613997892
    },
    "2047160": {
        "case_points": 75.6,
        "case_total": 100.0,
        "date": "2020-04-22T12:43:32+00:00",
        "language": "PYPY",
        "memory": 232752.0,
        "problem": "phantomc1",
        "result": "AC",
        "status": "D",
        "time": 0.591546335
    },
    "2047161": {
        "case_points": 78.6,
        "case_total": 100.0,
        "date": "2020-04-22T12:48:18+00:00",
        "language": "PYPY",
        "memory": 232928.0,
        "problem": "phantomc1",
        "result": "AC",
        "status": "D",
        "time": 0.606306743
    },
    "2047162": {
        "case_points": 84.5,
        "case_total": 100.0,
        "date": "2020-04-22T12:51:58+00:00",
        "language": "PYPY",
        "memory": 313980.0,
        "problem": "phantomc1",
        "result": "AC",
        "status": "D",
        "time": 0.726570144
    },
    "2047168": {
        "case_points": 85.7,
        "case_total": 100.0,
        "date": "2020-04-22T13:02:37+00:00",
        "language": "PYPY",
        "memory": 313716.0,
        "problem": "phantomc1",
        "result": "AC",
        "status": "D",
        "time": 0.711866108
    },
    "2050306": {
        "case_points": 500.0,
        "case_total": 500.0,
        "date": "2020-04-24T08:23:00+00:00",
        "language": "PYPY",
        "memory": 69216.0,
        "problem": "det",
        "result": "AC",
        "status": "D",
        "time": 7.179082465
    },
    "2091194": {
        "case_points": 100.0,
        "case_total": 100.0,
        "date": "2020-05-15T05:19:29+00:00",
        "language": "CPP11",
        "memory": 1780.0,
        "problem": "angieandfunctions",
        "result": "AC",
        "status": "D",
        "time": 23.249021459
    },
    "2091195": {
        "case_points": 100.0,
        "case_total": 100.0,
        "date": "2020-05-15T05:24:04+00:00",
        "language": "CPP11",
        "memory": 3400.0,
        "problem": "angieandfunctions",
        "result": "AC",
        "status": "D",
        "time": 23.208065728
    },
    "2091200": {
        "case_points": 100.0,
        "case_total": 100.0,
        "date": "2020-05-15T05:36:35+00:00",
        "language": "CLANGX",
        "memory": 3568.0,
        "problem": "angieandfunctions",
        "result": "AC",
        "status": "D",
        "time": 23.153701038
    },
    "2096366": {
        "case_points": 100.0,
        "case_total": 100.0,
        "date": "2020-05-18T00:52:58+00:00",
        "language": "CPP11",
        "memory": 14704.0,
        "problem": "dmopc19c7p4",
        "result": "AC",
        "status": "D",
        "time": 19.304355131
    },
    "2096371": {
        "case_points": 100.0,
        "case_total": 100.0,
        "date": "2020-05-18T00:56:30+00:00",
        "language": "CPP11",
        "memory": 14648.0,
        "problem": "dmopc19c7p4",
        "result": "AC",
        "status": "D",
        "time": 3.64511677
    },
    "2099689": {
        "case_points": 100.0,
        "case_total": 100.0,
        "date": "2020-05-20T06:57:23+00:00",
        "language": "CPP11",
        "memory": 1780.0,
        "problem": "cco09p1",
        "result": "AC",
        "status": "D",
        "time": 0.047352361
    },
    "2099693": {
        "case_points": 100.0,
        "case_total": 100.0,
        "date": "2020-05-20T08:14:47+00:00",
        "language": "CPP11",
        "memory": 1780.0,
        "problem": "cco09p1",
        "result": "AC",
        "status": "D",
        "time": 0.036143544
    },
    "2107110": {
        "case_points": 100.0,
        "case_total": 100.0,
        "date": "2020-05-25T01:54:29+00:00",
        "language": "CLANGX",
        "memory": 1708.0,
        "problem": "factorial2",
        "result": "AC",
        "status": "D",
        "time": 5.564250926
    },
    "2107151": {
        "case_points": 100.0,
        "case_total": 100.0,
        "date": "2020-05-25T02:12:22+00:00",
        "language": "CLANGX",
        "memory": 1736.0,
        "problem": "factorial2",
        "result": "AC",
        "status": "D",
        "time": 5.345336349
    },
    "2107184": {
        "case_points": 100.0,
        "case_total": 100.0,
        "date": "2020-05-25T02:24:42+00:00",
        "language": "CLANGX",
        "memory": 1708.0,
        "problem": "utso15p6",
        "result": "AC",
        "status": "D",
        "time": 0.501273814
    },
    "2107208": {
        "case_points": 85.7,
        "case_total": 100.0,
        "date": "2020-05-25T02:34:18+00:00",
        "language": "PYPY",
        "memory": 399872.0,
        "problem": "phantomc1",
        "result": "AC",
        "status": "D",
        "time": 1.460536331
    },
    "2107221": {
        "case_points": 86.3,
        "case_total": 100.0,
        "date": "2020-05-25T02:39:41+00:00",
        "language": "PYPY",
        "memory": 314104.0,
        "problem": "phantomc1",
        "result": "AC",
        "status": "D",
        "time": 0.735243913
    },
    "2107224": {
        "case_points": 88.7,
        "case_total": 100.0,
        "date": "2020-05-25T02:41:19+00:00",
        "language": "PYPY",
        "memory": 314392.0,
        "problem": "phantomc1",
        "result": "AC",
        "status": "D",
        "time": 0.751304463
    },
    "2107249": {
        "case_points": 89.3,
        "case_total": 100.0,
        "date": "2020-05-25T02:48:43+00:00",
        "language": "PYPY",
        "memory": 314372.0,
        "problem": "phantomc1",
        "result": "AC",
        "status": "D",
        "time": 0.748240788
    },
    "2107255": {
        "case_points": 90.5,
        "case_total": 100.0,
        "date": "2020-05-25T02:52:59+00:00",
        "language": "PYPY",
        "memory": 314440.0,
        "problem": "phantomc1",
        "result": "AC",
        "status": "D",
        "time": 0.740574158
    },
    "2107263": {
        "case_points": 90.5,
        "case_total": 100.0,
        "date": "2020-05-25T03:00:13+00:00",
        "language": "PYPY",
        "memory": 312004.0,
        "problem": "phantomc1",
        "result": "AC",
        "status": "D",
        "time": 0.622657543
    },
    "2107268": {
        "case_points": 98.8,
        "case_total": 100.0,
        "date": "2020-05-25T03:02:11+00:00",
        "language": "PYPY",
        "memory": 311748.0,
        "problem": "phantomc1",
        "result": "AC",
        "status": "D",
        "time": 0.631540923
    },
    "2107280": {
        "case_points": 98.8,
        "case_total": 100.0,
        "date": "2020-05-25T03:07:31+00:00",
        "language": "PYPY",
        "memory": 311660.0,
        "problem": "phantomc1",
        "result": "AC",
        "status": "D",
        "time": 0.62743271
    },
    "2107322": {
        "case_points": 98.8,
        "case_total": 100.0,
        "date": "2020-05-25T03:31:35+00:00",
        "language": "PYPY",
        "memory": 311940.0,
        "problem": "phantomc1",
        "result": "AC",
        "status": "D",
        "time": 0.622646582
    },
    "2107342": {
        "case_points": 500.0,
        "case_total": 500.0,
        "date": "2020-05-25T03:53:08+00:00",
        "language": "CPP11",
        "memory": 3216.0,
        "problem": "det",
        "result": "AC",
        "status": "D",
        "time": 3.276365653
    },
    "2107344": {
        "case_points": 500.0,
        "case_total": 500.0,
        "date": "2020-05-25T03:53:47+00:00",
        "language": "CLANGX",
        "memory": 4456.0,
        "problem": "det",
        "result": "AC",
        "status": "D",
        "time": 2.273904339
    },
    "2107345": {
        "case_points": 500.0,
        "case_total": 500.0,
        "date": "2020-05-25T03:54:58+00:00",
        "language": "CLANGX",
        "memory": 4464.0,
        "problem": "det",
        "result": "AC",
        "status": "D",
        "time": 2.065092228
    },
    "2107349": {
        "case_points": 500.0,
        "case_total": 500.0,
        "date": "2020-05-25T03:58:22+00:00",
        "language": "CLANGX",
        "memory": 4404.0,
        "problem": "det",
        "result": "AC",
        "status": "D",
        "time": 2.194436391
    },
    "2107352": {
        "case_points": 500.0,
        "case_total": 500.0,
        "date": "2020-05-25T04:03:31+00:00",
        "language": "CLANGX",
        "memory": 6988.0,
        "problem": "det",
        "result": "AC",
        "status": "D",
        "time": 2.107349944
    },
    "2107353": {
        "case_points": 500.0,
        "case_total": 500.0,
        "date": "2020-05-25T04:04:38+00:00",
        "language": "CLANGX",
        "memory": 6784.0,
        "problem": "det",
        "result": "AC",
        "status": "D",
        "time": 3.280525886
    },
    "2107355": {
        "case_points": 500.0,
        "case_total": 500.0,
        "date": "2020-05-25T04:05:40+00:00",
        "language": "CPP11",
        "memory": 5676.0,
        "problem": "det",
        "result": "AC",
        "status": "D",
        "time": 1.976511203
    },
    "2107361": {
        "case_points": 500.0,
        "case_total": 500.0,
        "date": "2020-05-25T04:06:44+00:00",
        "language": "CPP11",
        "memory": 5676.0,
        "problem": "det",
        "result": "AC",
        "status": "D",
        "time": 1.854663505
    },
    "2107363": {
        "case_points": 500.0,
        "case_total": 500.0,
        "date": "2020-05-25T04:08:44+00:00",
        "language": "CPP11",
        "memory": 5584.0,
        "problem": "det",
        "result": "AC",
        "status": "D",
        "time": 2.839271707
    },
    "2107368": {
        "case_points": 500.0,
        "case_total": 500.0,
        "date": "2020-05-25T04:10:33+00:00",
        "language": "CPP11",
        "memory": 5692.0,
        "problem": "det",
        "result": "AC",
        "status": "D",
        "time": 1.790595068
    }
}