{"api_version": "2.0", "method": "get", "fetched": "2021-02-24T22:37:43.802427+00:00", "data": {"current_object_count": 22, "objects_per_page": 1000, "page_index": 2, "has_more": false, "objects": [{"id": 3449881, "problem": "piggy", "user": "JimmyLiu", "date": "2021-02-24T19:07:48+00:00", "language": "TEXT", "time": 0.002144581, "memory": 1688.0, "points": 6.3, "result": "AC"}, {"id": 3449882, "problem": "piggy", "user": "JimmyLiu", "date": "2021-02-24T19:08:22+00:00", "language": "TEXT", "time": 0.002110208, "memory": 1688.0, "points": 6.16, "result": "AC"}, {"id": 3449945, "problem": "piggy", "user": "SirTechnical", "date": "2021-02-24T19:59:04+00:00", "language": "TEXT", "time": 0.002153594, "memory": 1688.0, "points": 7.0, "result": "AC"}, {"id": 3450081, "problem": "piggy", "user": "Jeremy3333", "date": "2021-02-24T20:39:06+00:00", "language": "TEXT", "time": 0.002173663, "memory": 1688.0, "points": 7.0, "result": "AC"}, {"id": 3450289, "problem": "piggy", "user": "Tomorrow", "date": "2021-02-24T22:02:55+00:00", "language": "TEXT", "time": 0.002065286, "memory": 1656.0, "points": 7.0, "result": "AC"}, {"id": 3450303, "problem": "piggy", "user": "Tomorrow", "date": "2021-02-24T22:05:08+00:00", "language": "TEXT", "time": 0.002203488, "memory": 1696.0, "points": 7.0, "result": "AC"}, {"id": 3450311, "problem": "piggy", "user": "Tomorrow", "date": "2021-02-24T22:06:25+00:00", "language": "TEXT", "time": 0.002178919, "memory": 1656.0, "points": 7.0, "result": "AC"}, {"id": 3450321, "problem": "piggy", "user": "Tomorrow", "date": "2021-02-24T22:08:36+00:00", "language": "TEXT", "time": 0.002546183, "memory": 1696.0, "points": 7.0, "result": "AC"}, {"id": 3450323, "problem": "piggy", "user": "Tomorrow", "date": "2021-02-24T22:08:51+00:00", "language": "TEXT", "time": 0.002248927, "memory": 1696.0, "points": 7.0, "result": "AC"}, {"id": 3450324, "problem": "piggy", "user": "Tomorrow", "date": "2021-02-24T22:08:57+00:00", "language": "TEXT", "time": 0.002271583, "memory": 1696.0, "points": 7.0, "result": "AC"}, {"id": 3450325, "problem": "piggy", "user": "Tomorrow", "date": "2021-02-24T22:09:07+00:00", "language": "TEXT", "time": 0.002230994, "memory": 1696.0, "points": 7.0, "result": "AC"}, {"id": 3450326, "problem": "piggy", "user": "Tomorrow", "date": "2021-02-24T22:09:14+00:00", "language": "TEXT", "time": 0.002211061, "memory": 1696.0, "points": 7.0, "result": "AC"}, {"id": 3450331, "problem": "piggy", "user": "Tomorrow", "date": "2021-02-24T22:09:45+00:00", "language": "TEXT", "time": 0.0022211, "memory": 1696.0, "points": 7.0, "result": "AC"}, {"id": 3450333, "problem": "piggy", "user": "Tomorrow", "date": "2021-02-24T22:09:53+00:00", "language": "TEXT", "time": 0.002369374, "memory": 1656.0, "points": 7.0, "result": "AC"}, {"id": 3450335, "problem": "piggy", "user": "Tomorrow", "date": "2021-02-24T22:10:08+00:00", "language": "TEXT", "time": 0.002187068, "memory": 1656.0, "points": 7.0, "result": "AC"}, {"id": 3450337, "problem": "piggy", "user": "Tomorrow", "date": "2021-02-24T22:10:34+00:00", "language": "TEXT", "time": 0.002231164, "memory": 1656.0, "points": 7.0, "result": "AC"}, {"id": 3450338, "problem": "piggy", "user": "Tomorrow", "date": "2021-02-24T22:10:49+00:00", "language": "TEXT", "time": 0.002210242, "memory": 1656.0, "points": 7.0, "result": "AC"}, {"id": 3450340, "problem": "piggy", "user": "Tomorrow", "date": "2021-02-24T22:11:13+00:00", "language": "TEXT", "time": 0.002216062, "memory": 1656.0, "points": 7.0, "result": "AC"}, {"id": 3450357, "problem": "piggy", "user": "Tomorrow", "date": "2021-02-24T22:19:02+00:00", "language": "TEXT", "time": 0.002218807, "memory": 1696.0, "points": 7.0, "result": "AC"}, {"id": 3450359, "problem": "piggy", "user": "Tomorrow", "date": "2021-02-24T22:19:28+00:00", "language": "TEXT", "time": 0.002242393, "memory": 1696.0, "points": 7.0, "result": "AC"}, {"id": 3450363, "problem": "piggy", "user": "Tomorrow", "date": "2021-02-24T22:19:44+00:00", "language": "TEXT", "time": 0.002201252, "memory": 1688.0, "points": 7.0, "result": "AC"}, {"id": 3450364, "problem": "piggy", "user": "Tomorrow", "date": "2021-02-24T22:19:54+00:00", "language": "TEXT", "time": 0.002163349, "memory": 1688.0, "points": 7.0, "result": "AC"}], "total_objects": 1022, "total_pages": 2}}