{
    "12374": {
        "date": "2020-05-14T20:32:17+00:00",
        "page": "tle18p1",
        "related_object": "problem",
        "score": 5
    },
    "12408": {
        "date": "2020-05-20T08:56:29+00:00",
        "page": "helloworldhard",
        "related_object": "problem",
        "score": 4
    },
    "12445": {
        "date": "2020-05-25T23:28:05+00:00",
        "page": "ccc00s5",
        "related_object": "problem",
        "score": 5
    },
    "12469": {
        "date": "2020-05-27T23:02:39+00:00",
        "page": "cco20d1",
        "related_object": "contest",
        "score": 19
    },
    "12479": {
        "date": "2020-05-28T19:09:54+00:00",
        "page": "piggy",
        "related_object": "problem",
        "score": 1
    },
    "12513": {
        "date": "2020-06-03T19:26:36+00:00",
        "page": "ccc19s3",
        "related_object": "problem editorial",
        "score": -1
    },
    "12639": {
        "date": "2020-06-21T13:08:08+00:00",
        "page": "tle18p1",
        "related_object": "problem",
        "score": 1
    }
}